id,customer_name,customer_email,message,category,sentiment,urgency,response,ticket_status,assigned_to,created_at
1,Kelly Williams,dharris@example.com,Charge owner gun wind fact network not bad their pull letter right without watch land.,Billing,Neutral,Medium,Forward to Billing,Resolved,Fatima,2026-04-07 23:25:00.822598
2,Michael Miller,ashley21@example.com,Push here rich baby account physical how along resource religious morning thought our great feel society.,Complaint,Negative,High,Escalate to Manager,Resolved,Ahmed,2025-08-07 17:47:37.777036
3,Kristen Patel,andrewschmidt@example.net,Bed various first entire prove against government enough perform have seem class begin office upon simple tell message out return wear.,Refund,Negative,High,Forward to Refund Team,Resolved,Ali,2025-08-02 05:08:05.420366
4,Joanna Stewart,danielstewart@example.org,Her buy look air fund offer agency history art with member become say rest.,Technical Support,Negative,Medium,Assign Technical Engineer,Resolved,Sarah,2025-09-12 20:54:02.718217
5,Anthony Rodriguez,robertcurtis@example.net,Apply must onto continue will as reduce base bring special.,Complaint,Negative,High,Escalate to Manager,Resolved,Fatima,2025-08-05 05:56:59.592039
6,Jeffrey Jackson,candice16@example.com,Data girl run probably upon else east kid go make challenge sort this ask research.,Technical Support,Neutral,High,Assign Technical Engineer,In Progress,Fatima,2026-03-05 20:22:38.443442
7,John Thompson,jamessoto@example.org,Team daughter same reflect spend list prepare early get ability central collection usually strong Democrat still course against.,Order,Neutral,Low,Order Team,Resolved,Ahmed,2026-05-27 00:58:21.785168
8,Cory Archer,tbrown@example.com,Long choice former before other price perform case attack road cultural movie media those strong it quickly.,Order,Neutral,Medium,Order Team,Resolved,David,2026-06-07 15:30:36.701734
9,Cathy Kim,rowlandbrenda@example.net,Black until time school bit view worker yeah resource age.,Complaint,Negative,High,Escalate to Manager,In Progress,Ahmed,2026-02-13 22:20:48.276542
10,Wesley Smith,jill02@example.com,Agency school paper race international arrive improve million family experience nice yard peace respond economy four end arrive quickly manage present machine small town really.,Refund,Negative,High,Forward to Refund Team,Resolved,Ali,2026-04-02 00:39:14.846496
11,Jasmine Preston,hrichardson@example.com,End heart mention third machine activity indicate knowledge degree example individual let herself sign plan range build wide without community practice.,Complaint,Negative,Medium,Escalate to Manager,Resolved,Fatima,2026-02-27 00:07:01.754539
12,Cristina Horne,enguyen@example.com,Skill response increase trouble read itself collection right analysis us hotel enjoy case rise figure its because spend arrive administration.,Sales,Positive,Medium,Forward to Sales,Resolved,David,2025-11-17 00:20:52.925104
13,Justin Mckinney,brussell@example.com,Father little since miss its human alone nothing lawyer type box economic listen other order really contain late just fish personal of.,Refund,Negative,Medium,Forward to Refund Team,Resolved,Ahmed,2026-01-20 09:30:51.150101
14,Christy Martinez,smithevan@example.org,Cultural budget trouble action common image base age image green style from final represent billion positive.,Technical Support,Neutral,High,Assign Technical Engineer,Resolved,Emma,2026-06-12 05:38:44.138383
15,Brent Hicks,aimee03@example.org,Wish born anyone interest sort know office lay buy speech let.,Complaint,Negative,Medium,Escalate to Manager,In Progress,Fatima,2026-01-02 07:23:32.716393
16,Brent Wells,jesseclark@example.org,Black ball begin firm television listen perform audience beat dark rest politics community yard despite fear condition audience side deep to time become bed.,Technical Support,Negative,Medium,Assign Technical Engineer,Resolved,Sarah,2025-11-20 16:15:46.102231
17,Elizabeth Frank,chad13@example.net,Behind ability tree expert would join than quite build color if ability also push occur without recently.,Order,Neutral,Low,Order Team,Open,John,2026-04-30 12:08:21.651740
18,Anna Adams,robert14@example.net,Perform true election sure least should may consider on hit argue create place.,Refund,Negative,Medium,Forward to Refund Team,Open,Ahmed,2026-08-01 10:51:01.423780
19,William Obrien,victoriaburns@example.com,Test gun bad take each once right language mother position responsibility.,General Inquiry,Neutral,Low,Customer Support,Resolved,Ahmed,2026-05-25 22:55:50.955840
20,William Brown,ruth36@example.org,Pm director do far for the direction image work might structure computer space coach become tend improve out moment nature minute right expect.,Order,Negative,Medium,Order Team,Open,Ali,2026-03-05 20:27:05.329402
21,Maria Kelly,emilymack@example.net,Job girl in after oil send drive nation yeah war suggest sign.,Sales,Positive,Low,Forward to Sales,Resolved,Michael,2026-05-23 09:15:53.159282
22,Stephanie Johnson,deannasmith@example.com,Industry performance move condition because she total each check series trouble door per identify.,Complaint,Negative,High,Escalate to Manager,In Progress,Sarah,2025-09-30 21:34:35.600010
23,Denise Davidson,krubio@example.com,Option move key four go nation carry each hour site spend also break individual hotel answer race must avoid environment that most.,Refund,Negative,High,Forward to Refund Team,Open,David,2026-06-05 19:44:25.616767
24,Sarah Norman,amanda29@example.com,Management tax center fast control program free road occur serve responsibility different well.,Billing,Neutral,Medium,Forward to Billing,Resolved,David,2026-01-06 04:57:21.970126
25,Arthur Chang,emilypowers@example.org,Right away its reveal figure economic central scene me structure capital eat end blood still.,Complaint,Negative,Medium,Escalate to Manager,In Progress,Fatima,2026-06-08 10:39:35.981679
26,Valerie Burton,rachelmoore@example.org,Baby old down piece trade everything else nature consumer Mr allow management beyond you ever personal instead can medical later model.,Refund,Negative,Medium,Forward to Refund Team,Open,Sarah,2026-01-29 02:54:14.507195
27,Pamela Parker,gregory27@example.org,Tend quite agency stand structure alone floor note send others blood sea.,Refund,Negative,High,Forward to Refund Team,Open,David,2025-11-19 00:14:21.989870
28,Melissa Simmons,davismichael@example.net,Anyone begin letter sport hospital win doctor black themselves second blood us.,Technical Support,Negative,Medium,Assign Technical Engineer,In Progress,Michael,2026-01-14 22:48:25.369798
29,Joseph White,edwardsjesus@example.org,Plan identify sort pass among bank court guess southern state bank station debate continue billion report challenge study party support democratic.,Complaint,Negative,High,Escalate to Manager,In Progress,Ali,2026-01-21 07:31:36.203579
30,Dr. Anna Pugh DDS,crobertson@example.net,Nature artist back past age feel adult especially reality idea large article economic character city three.,Complaint,Negative,Medium,Escalate to Manager,Open,Michael,2026-07-03 01:00:02.167953
31,Brandy Cruz,thomas94@example.net,Difficult over shake rule take pressure boy or theory green audience gas let hold small wonder American pull address second.,Sales,Positive,Medium,Forward to Sales,Resolved,Fatima,2025-10-03 05:09:16.220445
32,Lisa Davis,kennethsanchez@example.net,Garden join vote camera resource across establish thousand town hand art recently.,Refund,Negative,Medium,Forward to Refund Team,Open,Emma,2025-08-31 10:02:58.274213
33,Michael Adams,reginatorres@example.com,Contain everybody member product movie college project suggest law candidate mean plant speech organization fact team.,Technical Support,Neutral,Medium,Assign Technical Engineer,Resolved,Emma,2026-06-14 11:18:02.222463
34,Jessica Turner,aferguson@example.org,Win effort arrive then subject board short case policy become ability TV return career interest five give hotel.,Sales,Positive,Medium,Forward to Sales,Resolved,Sarah,2026-01-14 15:54:18.222718
35,Sandra Carroll,angelabridges@example.org,They age owner street thus up fact some administration field much computer glass several.,Complaint,Negative,High,Escalate to Manager,In Progress,Michael,2026-01-03 08:39:27.948629
36,Tanya Powell,luisballard@example.net,Situation budget resource research game source through early yes carry change ahead.,Billing,Neutral,Medium,Forward to Billing,Open,Sarah,2026-07-20 18:09:29.333342
37,Shelly Clark,rwest@example.com,Not which likely administration guess drug his certainly resource according six recent participant assume listen modern whatever short city practice clear campaign pick other.,Sales,Positive,Low,Forward to Sales,Resolved,Ahmed,2026-07-03 23:58:30.243506
38,Joseph Hill,christopher62@example.com,Kid explain minute beyond forget glass person clear why simple total.,Refund,Negative,Medium,Forward to Refund Team,Resolved,John,2025-11-16 16:56:18.091140
39,Hayden Keller,kelseyadams@example.org,Accept heavy ball tax career clear music action later finish station store.,Billing,Negative,Medium,Forward to Billing,Resolved,David,2026-01-14 20:39:30.896216
40,Jerome Obrien,parksjohn@example.com,Order new bad knowledge tonight source join drug summer option room eat way I serious including always.,Sales,Positive,Low,Forward to Sales,Resolved,Fatima,2025-12-01 11:13:06.230437
41,John Hines,taylorhenry@example.com,Best pull arm other someone financial whatever mission glass than all always soon five impact executive nature itself size church small party open today ever.,Sales,Positive,Medium,Forward to Sales,Resolved,Michael,2026-06-13 13:52:32.240644
42,Joseph Donaldson,zkeller@example.net,Receive but marriage specific turn give by money detail side do.,Technical Support,Negative,Medium,Assign Technical Engineer,In Progress,David,2025-11-11 03:01:33.196363
43,Stephen Byrd,adam24@example.net,Month allow song room condition local over game start about challenge car sit court or lot through there.,Sales,Positive,Low,Forward to Sales,Resolved,Ahmed,2026-03-20 12:53:59.751713
44,Bradley Hart,rhondasuarez@example.net,Brother sea ask not song yard per yard my citizen by.,Sales,Positive,Low,Forward to Sales,Resolved,Sarah,2025-12-05 07:05:41.064967
45,Don Elliott,kylewilson@example.com,Service turn during his such magazine actually pick authority never model.,Complaint,Negative,High,Escalate to Manager,Open,Ali,2025-11-08 23:40:11.540200
46,Patricia Ryan,hendersonbrandon@example.com,Paper politics someone line base them quickly agency environmental money charge system owner.,Sales,Positive,Low,Forward to Sales,Resolved,Fatima,2026-05-23 08:36:33.490302
47,Joyce Cox,matthewgreene@example.com,Carry situation with about power eye director themselves commercial ok source agent pattern like picture letter wind of light.,Order,Neutral,Medium,Order Team,Open,Ali,2026-06-29 14:39:41.465369
48,Lindsey Hall MD,nancy45@example.org,Collection threat within money say other rather who edge sell degree or including cut actually represent writer difference great leg reflect try religious field.,General Inquiry,Neutral,Low,Customer Support,Resolved,Ali,2025-10-01 18:28:34.275211
49,Karina Warren,christopherrivera@example.com,Ready buy fast doctor when trip bring yard none manager large response cut sport value magazine however morning talk miss.,Order,Negative,Medium,Order Team,Resolved,Michael,2025-09-10 23:24:02.945404
50,Keith Johnson,lynncruz@example.org,Phone time evidence officer mouth various ability player could agency quality sport long subject production hundred star late behind president.,Complaint,Negative,High,Escalate to Manager,In Progress,Michael,2026-06-18 12:04:53.448896
51,Alexandra Todd,xroberts@example.org,As how second with section close rule sense direction sea nor travel and everything report by environment from maintain level give skin range.,General Inquiry,Neutral,Low,Customer Support,Resolved,Emma,2026-01-15 23:20:38.053548
52,Lauren Monroe,rbutler@example.com,Play meet of in cause game physical employee lead laugh issue her program service popular nice various establish none bank success lawyer responsibility.,Technical Support,Negative,High,Assign Technical Engineer,In Progress,Michael,2025-08-08 20:17:06.468443
53,Susan Jackson,kathyperez@example.com,Change before he worker network seat hot treatment born interest few money.,Sales,Positive,Low,Forward to Sales,Resolved,Michael,2025-09-21 23:46:36.894297
54,Glen Salas,mejiaeric@example.org,Week probably night behind executive on too religious similar decide three building president mind who.,Billing,Neutral,Low,Forward to Billing,Open,Ahmed,2025-12-02 12:25:02.964178
55,Melissa Hanna,dana02@example.com,Keep cold government single pick east yet school service charge total research child thought phone arrive hair value boy north word list.,Sales,Positive,Medium,Forward to Sales,Resolved,Emma,2025-11-16 18:08:26.356964
56,Tyler Fletcher,michael11@example.com,Interview fund son exist administration one organization late concern house during story determine office product leader simple ten treatment.,Order,Neutral,Low,Order Team,Resolved,David,2025-11-09 03:41:15.919046
57,Angela Barnes,karenmoore@example.com,Country herself gas rise military discussion seek born our public easy require cause pull four color first leave but administration.,Order,Negative,Low,Order Team,Resolved,John,2026-05-28 07:48:19.470618
58,Melissa Werner,donnadelgado@example.org,Federal find tough chance able gun her may data agreement political foreign point learn couple market property cup or important.,Billing,Neutral,Medium,Forward to Billing,Resolved,Fatima,2025-11-03 10:17:28.421763
59,Andrew Gibson,rrowe@example.org,Poor able story third number southern remain just protect material cultural director people hold simple since box exist power medical finish agency tree.,Complaint,Negative,High,Escalate to Manager,In Progress,Sarah,2025-10-20 05:53:53.356881
60,Caitlyn Howe,zmoore@example.org,View energy season sound decade affect bank heart turn approach today consumer education expect everybody call quickly.,Complaint,Negative,High,Escalate to Manager,Resolved,Michael,2026-02-19 04:37:55.081963
61,Anthony Jackson,qbrown@example.com,Shake fall television could when base surface follow this morning senior eight should walk.,Refund,Negative,Medium,Forward to Refund Team,Open,Michael,2026-03-09 15:25:07.625871
62,Charles Arnold,dominguezdaniel@example.net,Fly raise structure guess prevent simply wife somebody way sure attack near real hard.,Complaint,Negative,Medium,Escalate to Manager,In Progress,Emma,2026-03-06 22:20:06.993563
63,Rhonda Weiss MD,jeanettegonzalez@example.net,Senior book bad fire up knowledge give eye my class forget statement lawyer consider return audience group throw consider outside check ground.,Complaint,Negative,Medium,Escalate to Manager,Resolved,Sarah,2026-02-09 07:36:36.379021
64,Latoya Perez,hamiltonlisa@example.net,Sure fact too such western care score chair score PM provide show road security.,Sales,Positive,Low,Forward to Sales,Resolved,Fatima,2025-08-03 04:53:22.124847
65,Christina Mendez,brandi40@example.com,Whatever source letter do without nearly kid us chair force difficult ago sit interview case very take water from magazine continue.,Refund,Negative,High,Forward to Refund Team,Resolved,Emma,2026-04-29 03:11:57.568932
66,Michael Buchanan,shawn06@example.org,Per life health show cup within than ahead career increase station system east doctor.,Order,Negative,Low,Order Team,Resolved,Ahmed,2025-12-21 16:06:17.888222
67,Brian Wilson,sbauer@example.net,Country wear cost travel eye suggest fire tonight statement among effect note everybody believe not high behavior.,Order,Neutral,Low,Order Team,Open,Ahmed,2026-07-05 11:47:39.167251
68,Brian Webb,jklein@example.org,Husband along current billion alone when because discover return at them model up remain yeah be physical structure inside budget.,Sales,Positive,Medium,Forward to Sales,Resolved,Fatima,2026-05-27 14:44:40.741856
69,Jennifer Riley,charles14@example.net,Until chance cut must night save within world best process picture author feel statement TV throughout impact prepare would indeed.,Billing,Neutral,Medium,Forward to Billing,Open,Fatima,2026-03-09 20:20:07.259884
70,Mrs. Allison Patton,parkspatrick@example.com,Garden reason carry go one body enter both weight decade ago.,Billing,Negative,Medium,Forward to Billing,Resolved,Emma,2025-11-12 08:24:41.840339
71,Belinda Mcdonald,jacqueline88@example.com,Voice stand garden include peace must start its ahead during special show reason nation site those poor alone accept drop full study according family.,Refund,Negative,High,Forward to Refund Team,Open,David,2026-01-14 06:12:18.294050
72,Jermaine Gross,lauren20@example.org,Participant entire teach two author section miss blue gun budget reason difficult item.,Complaint,Negative,Medium,Escalate to Manager,Resolved,David,2026-01-10 00:24:55.258332
73,Jamie Gibson,zchavez@example.com,Choose order technology watch like fish happy security body analysis nearly experience film whose sound well party suffer trial range begin morning high building.,Order,Neutral,Medium,Order Team,Open,Sarah,2026-05-29 17:09:56.355355
74,Brenda Mccoy,mberry@example.com,Air teach toward suffer behavior rate keep rest board social technology.,Billing,Neutral,Low,Forward to Billing,Open,Ahmed,2026-06-14 13:28:44.306659
75,Adam Burns,aguirretina@example.com,Forget southern management everything certainly every arm growth since effort increase east.,Complaint,Negative,High,Escalate to Manager,In Progress,Ali,2025-10-29 01:27:53.410895
76,Shirley Rodriguez,brianreyes@example.org,Make Republican real free attention source weight choice wear right look film lawyer perhaps.,Complaint,Negative,High,Escalate to Manager,Resolved,Ali,2025-11-03 04:00:42.187454
77,Brittany Higgins,robertmoreno@example.com,Wait property Mr answer issue product single sport somebody staff dream sure.,Refund,Negative,High,Forward to Refund Team,Resolved,Ahmed,2026-01-30 05:10:31.194321
78,Holly Joseph,landryjim@example.net,Interest which than fall join financial for amount toward order shake push teacher bring song well really ready yourself although arm road media listen.,Technical Support,Negative,Medium,Assign Technical Engineer,Resolved,John,2026-06-03 05:37:49.651619
79,Mr. William Price,cheryl19@example.org,Republican add involve alone surface mean program those hard rock strategy threat south ahead amount message sometimes old represent structure bill listen.,Complaint,Negative,High,Escalate to Manager,In Progress,John,2026-04-27 05:34:52.101761
80,Patrick Thomas,scottchristopher@example.com,Rest fish color environmental close magazine window reason he everyone citizen offer dog.,Billing,Neutral,Medium,Forward to Billing,Resolved,David,2026-03-16 12:51:22.200650
81,Ryan Jones,nguerra@example.org,Tv bar day new television data term you heart right age social modern range political knowledge.,Technical Support,Negative,High,Assign Technical Engineer,In Progress,John,2026-07-07 03:13:38.131094
82,Melissa Abbott,brandonmartin@example.org,Industry second can analysis degree figure our condition project plan around loss stay forget manage morning between space teacher.,Billing,Neutral,Low,Forward to Billing,Open,Fatima,2025-10-01 20:20:06.275867
83,Harold Lopez,alexiscline@example.net,Decision listen sit true foreign conference expert by television occur reason chair.,Complaint,Negative,Medium,Escalate to Manager,Resolved,Ahmed,2025-09-07 12:09:04.333575
84,Michelle Williams,joe03@example.net,Fish hundred charge end although low series require cell single theory very power southern deep listen support.,Order,Negative,Low,Order Team,Open,Ali,2026-01-29 19:14:54.667289
85,Brianna Miller,lpaul@example.com,Science set alone security reach give anything another deal it story perform method foot.,Billing,Neutral,Low,Forward to Billing,Open,Sarah,2025-11-25 05:44:07.293657
86,Anthony Caldwell,lamjohnny@example.com,Check speak I and government serious image person beautiful deep speak part position home industry write.,Complaint,Negative,High,Escalate to Manager,Resolved,Emma,2026-02-10 12:55:29.432196
87,Eric Hernandez,charles01@example.org,Minute population before occur night picture ten value I between challenge floor wonder already defense mission.,Complaint,Negative,High,Escalate to Manager,Open,Sarah,2025-09-13 14:26:52.203403
88,Ricky Gross,ruizsusan@example.net,Anyone individual meet natural become production sound number likely strong street.,Sales,Positive,Low,Forward to Sales,Resolved,David,2026-05-15 10:16:47.304787
89,Joshua Woods,curtissmith@example.com,Especially themselves again report law there break responsibility court that happy blue opportunity professor.,Billing,Neutral,Medium,Forward to Billing,Resolved,Emma,2025-12-06 03:44:18.556596
90,Jesse Neal,vickiwalton@example.net,One system special feel mention guy religious dream wonder agent light.,Complaint,Negative,High,Escalate to Manager,In Progress,John,2026-01-15 14:01:38.429393
91,Lisa Pittman,george98@example.com,Generation after resource street west report despite deal college still lead tax cut box.,Sales,Positive,Medium,Forward to Sales,Resolved,John,2025-11-28 13:22:32.291768
92,Anthony Olson,ruizdenise@example.com,Care seven increase quality street charge before mouth same brother blue serious interesting read since agree defense save above himself raise certain analysis get.,Technical Support,Neutral,Medium,Assign Technical Engineer,Resolved,Ali,2026-03-12 13:34:07.238716
93,James Preston,garciajames@example.net,Night other recent else point industry develop film yourself he cause consumer region eat hotel certainly wall national war toward until shake.,Complaint,Negative,High,Escalate to Manager,In Progress,Ahmed,2026-06-02 15:19:02.478668
94,Amanda Green,jennifer21@example.com,Organization matter individual health through feel character record this become administration when ball fire individual however notice we idea become land your campaign new success.,General Inquiry,Neutral,Low,Customer Support,Resolved,David,2025-10-29 10:34:36.118025
95,Edward Roberts,hwallace@example.net,Occur smile would cold talk story network whom eye specific black keep herself media pass staff all control.,Complaint,Negative,High,Escalate to Manager,Resolved,Emma,2026-01-04 00:36:44.135761
96,Sara Evans,amanda75@example.com,Own tonight would bad born bill story relationship television guy say its onto event piece tax at.,Technical Support,Negative,Medium,Assign Technical Engineer,Resolved,Michael,2025-08-25 03:26:03.311527
97,Eddie Walsh,charles04@example.net,Condition scientist reason phone hour yes consider these particular fine better guy expert father scene central their want better figure worry establish ready.,Billing,Negative,Low,Forward to Billing,Resolved,Ali,2026-07-27 06:39:05.462358
98,Mark Green,terrydebra@example.net,Scene cause tell project skin live report summer group discover whatever anyone fill those happy note once guess.,Complaint,Negative,High,Escalate to Manager,Resolved,Ahmed,2025-09-13 06:24:25.197575
99,Ronald Brown,harveysteven@example.org,National because certainly difficult white project painting history behavior strategy two arm now pull brother institution admit artist window third above senior.,Refund,Negative,Medium,Forward to Refund Team,Open,Fatima,2025-11-10 21:40:50.027988
100,Michael Brown,evansnicholas@example.net,Media energy situation raise energy people southern direction affect official entire item put.,Sales,Positive,Low,Forward to Sales,Resolved,Ali,2025-08-23 23:13:25.689322
101,Nathan Stephens,lesliemartin@example.org,Reduce check those fine today responsibility class tough environmental end send daughter save garden later pattern to sometimes position wide wish.,Complaint,Negative,High,Escalate to Manager,In Progress,Sarah,2025-09-24 09:58:52.726435
102,Nicole Humphrey,sharon87@example.org,Push believe turn since various myself couple south serious popular note to write him ever action simply mission couple goal people election.,Sales,Positive,Low,Forward to Sales,Resolved,Emma,2026-04-14 06:51:35.226261
103,Allen Bender,pbarnett@example.net,Of house computer appear hard drug something trade remember land media out cover tell too board child.,Billing,Neutral,Medium,Forward to Billing,Resolved,John,2026-01-12 10:28:33.694185
104,Tiffany Welch,deannaweaver@example.com,Allow institution trip system true billion yourself never offer right face mean stand remember focus military present we property thank.,Order,Neutral,Medium,Order Team,Resolved,John,2026-03-19 10:03:46.338240
105,Ricky Peters,ambergonzalez@example.com,Sing compare force baby threat peace describe organization a professor hot best culture society every not cell deep respond south out.,Order,Neutral,Low,Order Team,Resolved,Sarah,2025-10-15 10:20:43.564131
106,Leon Robinson,audreynash@example.com,Military sea figure push get avoid benefit figure wait open herself state economic believe.,Refund,Negative,High,Forward to Refund Team,Resolved,Ahmed,2025-11-17 03:00:23.521049
107,Donna Vargas,angela11@example.com,Capital similar my chance market list support deep left per design very see Mr memory quite law picture chair interest possible.,Order,Negative,Low,Order Team,Open,Michael,2026-01-23 06:24:39.324973
108,Dr. Matthew Taylor,charlestate@example.com,Mrs yes special foreign factor hard response customer leave develop term life compare discover hair idea.,Sales,Positive,Low,Forward to Sales,Resolved,Ali,2025-11-22 11:32:54.797802
109,Joseph Cook,davidvasquez@example.org,Participant natural candidate letter short yeah certainly open whose fill beyond tough young position.,Complaint,Negative,High,Escalate to Manager,Resolved,John,2026-01-29 23:39:42.229489
110,Dakota Riley,taylorjulie@example.com,Long southern happy floor series court traditional training appear expect over water political.,Technical Support,Neutral,Medium,Assign Technical Engineer,Resolved,Fatima,2026-03-16 09:40:46.814271
111,Jeffrey Hall,tammy42@example.org,Outside yard can around team dinner almost against year simply example close shoulder threat father tonight body yeah home firm car raise national.,Technical Support,Negative,Medium,Assign Technical Engineer,In Progress,Ahmed,2026-03-31 15:50:03.942325
112,Kristen Bonilla,pamela84@example.com,Within understand keep doctor short another receive direction person major another collection degree benefit particular program she create indicate onto best per surface appear.,Technical Support,Negative,Medium,Assign Technical Engineer,In Progress,Fatima,2026-03-26 13:01:09.799925
113,Corey Rasmussen,linjames@example.net,Break general wish hotel camera we letter decide per among want into letter whatever walk small benefit.,Complaint,Negative,High,Escalate to Manager,In Progress,Fatima,2025-11-14 13:12:06.217345
114,Hector Rhodes,jorge38@example.com,Before western capital see wish different write sell visit as tonight modern know professional though.,Sales,Positive,Low,Forward to Sales,Resolved,Ahmed,2025-09-02 01:18:22.861718
115,Amanda Hart,buchananalyssa@example.net,Memory yard computer provide down data low road tend wish executive quickly resource weight.,Order,Negative,Medium,Order Team,Resolved,John,2026-03-25 12:31:35.198969
116,Jacob Cohen,griffithaaron@example.net,Team where event write whether yard physical season box hot expect but front leg avoid own test wide fear situation professional likely raise.,Complaint,Negative,High,Escalate to Manager,In Progress,Emma,2025-09-05 01:58:59.888989
117,Brenda Burns,tmarshall@example.com,Natural common benefit site for stop avoid star run involve leave special.,Sales,Positive,Low,Forward to Sales,Resolved,Sarah,2025-12-01 00:46:06.018982
118,Eric Jones,jose17@example.org,Themselves must present game medical that adult we reason weight Congress nature assume understand director find all identify my indicate.,Complaint,Negative,High,Escalate to Manager,Open,Michael,2025-10-12 12:30:14.879187
119,Dylan Hill,cpope@example.org,Film personal baby modern stand training tough fish lay next his blood over front recently concern tonight firm heart already.,Order,Negative,Medium,Order Team,Resolved,David,2025-08-14 20:38:31.413568
120,Christine Gray,wsmith@example.com,Still describe oil image consumer argue surface food base me.,Complaint,Negative,High,Escalate to Manager,Open,Ali,2026-05-24 07:00:18.638521
121,Mark Soto,rodrigueznicole@example.net,Take author quickly easy really main challenge head clearly similar do term eye material back.,Complaint,Negative,High,Escalate to Manager,Open,David,2025-09-17 23:23:06.899804
122,James Hicks,jeffreyfloyd@example.com,Gun health into gun enough less inside race hundred question organization forget college carry network rather sense bank improve democratic song put sister production.,Sales,Positive,Medium,Forward to Sales,Resolved,John,2026-05-11 00:43:11.191569
123,James Carter,piercekayla@example.org,Himself sister up week her industry security stay go reality just little employee read happen stay organization face.,Complaint,Negative,Medium,Escalate to Manager,In Progress,Sarah,2025-08-30 03:56:36.044837
124,Eric Hernandez,scott66@example.org,Control appear easy church exactly people within practice buy another administration.,Complaint,Negative,High,Escalate to Manager,Resolved,Ahmed,2026-01-21 07:06:37.225260
125,Nicole Wolfe,oprice@example.net,Draw responsibility crime trial argue above skin store major piece have present traditional focus former hotel.,Complaint,Negative,Medium,Escalate to Manager,Open,Michael,2025-10-21 05:33:05.474378
126,James Lopez,maddoxnatasha@example.org,Economy onto must world factor relate performance question how owner free property think practice manager author staff believe off.,Complaint,Negative,Medium,Escalate to Manager,In Progress,Emma,2026-04-09 02:57:17.261906
127,Michael Stone,qsoto@example.net,Dog nature difference clearly hit finally decision night who morning after remain threat practice field.,Billing,Neutral,Low,Forward to Billing,Open,Fatima,2025-10-09 04:50:35.827442
128,Jason Smith,zdavis@example.org,Improve blood open by yard win prepare order research amount report rich different why people model avoid Mrs current drop course say window.,Complaint,Negative,Medium,Escalate to Manager,Open,Sarah,2025-10-30 05:07:15.668345
129,Paul Morrison,cassandra23@example.org,Also live involve you many consumer official two north seem concern into.,Technical Support,Neutral,Medium,Assign Technical Engineer,In Progress,Ali,2026-02-17 16:05:56.541656
130,Scott Carter,lunacynthia@example.net,Weight book some institution low market somebody perform paper past blue staff two agency.,Sales,Positive,Low,Forward to Sales,Resolved,Ali,2026-02-06 00:01:01.171985
131,Edgar Logan,karias@example.org,However best machine group commercial alone form drug happen least approach institution scene article note page us billion participant exist eat.,Refund,Negative,High,Forward to Refund Team,Open,Emma,2026-04-26 22:43:34.894726
132,Samantha Ortega,bshepherd@example.net,Image away world office it safe school hot strong eye collection serious spring court job message.,Order,Negative,Medium,Order Team,Resolved,Emma,2026-02-23 14:36:12.999187
133,John Gray,philip16@example.com,Firm pattern ability treatment series poor once with dinner voice job drop back.,Order,Neutral,Low,Order Team,Resolved,Ahmed,2026-03-11 18:15:41.556878
134,Claudia French,taylorsarah@example.com,Model ability law foot discuss to tax local explain task surface.,Complaint,Negative,High,Escalate to Manager,Resolved,Fatima,2025-11-22 15:43:45.242344
135,Valerie Welch,breanna08@example.com,Analysis south him benefit finish someone vote high organization program night give step cup statement always speech claim produce process road affect.,Refund,Negative,High,Forward to Refund Team,Open,Ahmed,2025-10-17 08:34:27.848495
136,Carl Espinoza,batesbrandon@example.net,Popular water prove threat guess common sit until how city week boy certainly ready father onto message crime although live man.,General Inquiry,Neutral,Low,Customer Support,Resolved,Ahmed,2026-05-04 17:22:22.346731
137,Richard Frank,josephmiller@example.com,White kitchen argue wife gun nature set if pull traditional sometimes value bag media human deal movement resource along another tend recently.,Technical Support,Neutral,High,Assign Technical Engineer,In Progress,Emma,2025-09-09 10:22:13.928383
138,Joseph Flores,timothypeck@example.org,Pull include let visit not itself full better serious thus campaign you picture test newspaper strong this public foreign traditional.,Complaint,Negative,High,Escalate to Manager,Resolved,Ahmed,2025-08-06 17:26:37.850260
139,Joseph Ali,jerome07@example.net,Which particularly few police good evening president more perhaps create notice argue those professor already true along performance throughout politics.,Refund,Negative,Medium,Forward to Refund Team,Resolved,Michael,2026-06-14 18:11:24.017810
140,Wesley Williams,jamesholland@example.com,Grow sort pattern offer left run wall experience into price act.,Sales,Positive,Medium,Forward to Sales,Resolved,Fatima,2025-08-28 14:25:06.893022
141,Stephanie Thompson,hunterjoshua@example.net,Sort production air word guess improve send author law understand you set produce resource fish gun involve think close you alone court.,Refund,Negative,High,Forward to Refund Team,Open,Michael,2025-12-10 15:16:48.745102
142,Ryan Farrell,xjohnson@example.org,Toward center feel book set fight leave certainly white thank decision size increase.,Order,Negative,Low,Order Team,Open,Fatima,2026-05-08 19:04:48.804822
143,Jennifer Melendez,don36@example.com,Old deal computer family choice his set sell medical town else mouth than top.,Sales,Positive,Low,Forward to Sales,Resolved,David,2025-08-09 23:44:29.072589
144,Angie Nichols,nathanmoody@example.net,Total walk movement allow early several employee ahead floor character me evening quickly for.,Technical Support,Negative,High,Assign Technical Engineer,Resolved,Fatima,2026-03-23 12:32:02.208566
145,Alexander Russell,mgonzalez@example.net,Remember evidence resource common concern yes business hit begin democratic physical such tend responsibility.,Billing,Negative,Medium,Forward to Billing,Open,Michael,2025-12-29 22:30:50.639185
146,Timothy Mercado,hamptonryan@example.com,Live address them should just read yes three though fill tell skill add song data economy mind to every.,Sales,Positive,Medium,Forward to Sales,Resolved,Emma,2025-08-09 22:57:29.092426
147,Michelle Mitchell,xrose@example.net,Fish contain able add public although color close building can painting trial hit benefit interesting action reflect discuss admit include even north.,Sales,Positive,Low,Forward to Sales,Resolved,Emma,2026-06-02 17:30:52.508302
148,Jackie Hill,justindixon@example.org,Parent happy believe participant wrong quite ability expect begin protect as believe economic worker low woman may son deep.,Technical Support,Neutral,Medium,Assign Technical Engineer,Resolved,Ahmed,2026-07-12 22:26:24.680086
149,Brittany Marsh,jefferymartinez@example.net,Forward training realize sense himself response none find performance statement together possible positive drug reality during agent parent they case rise its.,Billing,Neutral,Medium,Forward to Billing,Resolved,Emma,2025-10-29 07:12:39.950596
150,Sarah Green,juanmueller@example.com,As agree stuff authority here interview staff improve upon research pick sit wind and hundred fire far.,Technical Support,Neutral,High,Assign Technical Engineer,In Progress,Fatima,2025-12-13 10:25:18.569323
151,Amanda Cross,meyertracy@example.com,Attack watch guess together machine organization maintain plan little magazine event for she range everybody affect.,Order,Negative,Low,Order Team,Resolved,Ahmed,2026-01-08 09:14:31.838699
152,Gina Bishop,laurieturner@example.com,Billion person his move watch official interest ready area trade training thank theory.,Complaint,Negative,High,Escalate to Manager,In Progress,Ali,2025-09-18 05:00:59.929585
153,Amy Riley,douglas26@example.com,Whom game financial purpose interest bank bag think according author west move decade.,Sales,Positive,Low,Forward to Sales,Resolved,Ahmed,2025-10-27 04:33:35.517698
154,Timothy Harris,kgardner@example.net,Least if expect opportunity former power avoid require yard their easy environmental television situation away.,Complaint,Negative,High,Escalate to Manager,Open,Fatima,2025-09-16 21:38:31.988435
155,Heather Flowers,kenneth33@example.com,Suddenly must ok election from operation trial chance ball size garden protect itself door suddenly think career again.,Complaint,Negative,High,Escalate to Manager,In Progress,Emma,2026-03-12 23:19:09.840790
156,Nancy Mitchell,burchsarah@example.com,Listen late ability particularly thought toward color sometimes face trade audience your game drug new significant else find try career rock.,Complaint,Negative,Medium,Escalate to Manager,Open,Ahmed,2025-10-01 07:33:07.062305
157,Jon Ramirez,fsavage@example.com,Item certain whole home policy Mrs heart whether act protect machine such attack.,Refund,Negative,Medium,Forward to Refund Team,Open,David,2026-05-16 04:50:14.971029
158,Jason Griffith,amycampbell@example.net,Idea box score billion lot tend gas work north among law part heart test new create recognize simple enough able.,Refund,Negative,High,Forward to Refund Team,Resolved,Fatima,2026-05-16 13:57:53.706264
159,Tiffany Soto,richard43@example.net,Food provide push protect front system may trial less often certainly.,Order,Negative,Medium,Order Team,Resolved,Michael,2025-09-16 21:05:50.776036
160,Austin Hart,zmitchell@example.com,Never state appear heavy property hotel opportunity stay look continue ready information room mother enough doctor may.,Sales,Positive,Low,Forward to Sales,Resolved,Fatima,2026-01-20 21:20:07.305716
161,Mr. Jacob Hayes,joshuanguyen@example.com,Relate their shoulder stand agree both prepare federal free weight put you appear.,Technical Support,Negative,High,Assign Technical Engineer,Resolved,Emma,2026-07-31 14:18:02.228340
162,Brianna Lucas,mwright@example.org,West within inside administration mean western position look sister beautiful laugh question.,Order,Negative,Medium,Order Team,Resolved,John,2025-08-27 03:56:32.230387
163,Suzanne Peters,elliottsierra@example.net,Majority television expect foot base why read mouth institution officer growth individual information next whom assume seem raise.,Technical Support,Negative,High,Assign Technical Engineer,In Progress,Sarah,2025-11-27 04:28:59.848048
164,Gregory Schultz,jennifer99@example.net,Admit particularly character hard deal test month near morning move dream them necessary.,Refund,Negative,Medium,Forward to Refund Team,Open,David,2025-09-11 19:44:19.515354
165,Amy Wang,haneydevon@example.com,Catch market newspaper see kind paper theory our manage professor hundred together foot music similar accept bad risk decide.,Complaint,Negative,Medium,Escalate to Manager,Resolved,David,2025-09-24 08:00:30.887900
166,Robert Sellers,bobby59@example.net,Share reason thought professor car may appear season make policy technology find card often paper.,Order,Neutral,Low,Order Team,Resolved,John,2025-11-03 08:34:39.240155
167,Samantha Smith,vharris@example.org,Direction blood section body democratic ground while owner however else stand plan according enough.,Technical Support,Neutral,High,Assign Technical Engineer,In Progress,John,2026-07-21 19:17:38.654251
168,Daniel Ruiz,evelynsoto@example.net,Actually health factor especially rule training old man history along cell question from dream believe since operation energy story simple remember wait evening win.,Complaint,Negative,High,Escalate to Manager,In Progress,Ali,2026-03-27 23:20:41.413496
169,Kathleen Fisher,umiller@example.org,The war message lay her either dinner he general quickly section ok describe drug skill exist black knowledge stock tree chance clearly.,Sales,Positive,Low,Forward to Sales,Resolved,Ali,2025-09-25 12:55:47.153704
170,Shannon Sanders,kelly43@example.net,Structure particular care anyone according your it of cultural know win writer class order also early foreign area.,Complaint,Negative,High,Escalate to Manager,In Progress,David,2026-07-09 03:54:27.062556
171,Kelly Peters,carrollandrea@example.org,Ok sure participant message radio central college reflect wind stock and debate must gun.,Billing,Neutral,Medium,Forward to Billing,Resolved,Sarah,2025-09-02 17:08:12.874002
172,Abigail Johnson,francisjames@example.com,Billion early century ground discussion kid education foot their year pass gas analysis black two social if.,Sales,Positive,Low,Forward to Sales,Resolved,John,2026-03-25 18:00:13.767188
173,Jennifer Wright,tduncan@example.org,Evidence describe talk professional goal class thank season exactly direction these father they drop buy prove attorney federal letter religious successful soldier trouble.,Billing,Neutral,Medium,Forward to Billing,Resolved,Emma,2026-05-31 15:29:16.676531
174,Heather Sandoval,aaronmccarty@example.com,Consider his remain carry rich suggest entire despite page how him level lay black reason amount.,General Inquiry,Neutral,Low,Customer Support,Resolved,Emma,2025-11-02 05:37:48.050100
175,Juan Smith,ashleymiller@example.com,Act building indeed notice tough enjoy best clear best especially case ability everything half today respond successful store force sometimes age type.,Refund,Negative,High,Forward to Refund Team,Open,Ali,2026-04-05 20:29:55.839613
176,Paul Miller,kingwayne@example.com,Piece they eight imagine able summer late report eight security open teacher allow miss.,Sales,Positive,Medium,Forward to Sales,Resolved,David,2026-06-13 14:04:31.569412
177,Erica Washington,mcdonaldkathleen@example.org,Own a benefit party research dog opportunity carry back low environmental population interesting be campaign language whose have them provide.,Technical Support,Neutral,Medium,Assign Technical Engineer,Resolved,Emma,2026-02-23 19:32:36.948805
178,Miguel Lin,deanlinda@example.org,Skin represent nation camera yard type to TV stay necessary yard human student act court speech today above.,Order,Neutral,Low,Order Team,Resolved,Ali,2026-01-16 06:17:07.104408
179,Kyle Ali,joshua13@example.org,Thus best despite audience somebody increase art control possible charge lead apply bar environment stand approach.,Sales,Positive,Medium,Forward to Sales,Resolved,Fatima,2025-08-24 23:04:59.648869
180,Cassandra Sullivan,henryeric@example.com,More nothing case answer work senior debate important wrong raise question her opportunity mission before customer each dream wall our mother create hair quality when.,Sales,Positive,Low,Forward to Sales,Resolved,Ali,2026-03-30 02:18:55.859956
181,Diana Moore,brownrita@example.net,Have little get home process deep newspaper else source conference though fact forget serve development father seat human front back difficult per still drug.,Complaint,Negative,High,Escalate to Manager,In Progress,Sarah,2026-03-29 09:28:27.841747
182,Mary Simmons,michaelbrown@example.com,A major necessary economy whom four best experience ok watch someone capital worry evening summer want upon book writer anyone office never member leader amount.,Technical Support,Neutral,Medium,Assign Technical Engineer,In Progress,Ali,2026-07-25 18:05:49.854295
183,Lisa Smith,patricia57@example.org,Until effect big top worker significant artist wonder ready civil meet entire everyone white act into create sound current each recognize either right.,Complaint,Negative,High,Escalate to Manager,In Progress,Ahmed,2026-02-21 00:09:35.312513
184,Janet Smith,parksmariah@example.com,Determine certain inside beautiful all camera former dream organization cut voice street really section mission risk.,General Inquiry,Neutral,Low,Customer Support,Resolved,David,2026-04-10 07:19:44.949212
185,Jeremy Collins,whiteamanda@example.org,Message official vote him foot grow land dog later ever keep indicate artist entire.,Complaint,Negative,Medium,Escalate to Manager,Open,John,2025-12-05 06:11:00.729197
186,Jamie Aguilar DDS,tamaraharrington@example.org,Material traditional color full summer treat magazine they present also look almost cell rock tree.,Billing,Negative,Medium,Forward to Billing,Resolved,Michael,2026-04-07 07:24:47.699165
187,Joel Gonzalez,snielsen@example.net,Peace old away notice center assume happen company she today crime together wind them during growth ever.,Billing,Negative,Low,Forward to Billing,Open,Ali,2026-02-28 03:52:01.495360
188,Jasmine Clark,srobertson@example.net,Century few light bank treatment night almost day thus dark Mrs present without heart group.,Order,Neutral,Low,Order Team,Open,Ahmed,2026-07-30 19:54:41.595739
189,Diana Alvarez,bbutler@example.net,Like though me care every decide situation throughout factor develop interest girl certain chance.,Refund,Negative,High,Forward to Refund Team,Resolved,Emma,2026-05-26 18:26:53.559939
190,Brian Jones,jason24@example.net,Still impact war season task call wait prepare sing south measure her window dinner this kitchen quickly woman health design success company your arrive.,Billing,Negative,Medium,Forward to Billing,Resolved,John,2025-11-07 21:47:06.414651
191,Jacob Walton,henryelizabeth@example.net,Hot up painting seat three measure stock defense support yard success college benefit important nothing democratic.,Sales,Positive,Low,Forward to Sales,Resolved,Ali,2026-05-16 11:28:26.710179
192,Jack Meyer,john73@example.net,Argue media pattern administration town be alone ago series no glass bit page society act specific hundred decade suddenly young.,Complaint,Negative,High,Escalate to Manager,Resolved,Fatima,2026-06-13 07:02:38.127081
193,Dan Farmer,johnsonsarah@example.net,Time player young forward return than especially save pretty draw year include up high.,Complaint,Negative,High,Escalate to Manager,Open,Sarah,2025-11-02 08:15:01.407047
194,Jennifer Miles,fergusonjoseph@example.net,Head end space help technology score drive weight possible wall pretty statement whom.,Complaint,Negative,Medium,Escalate to Manager,Open,Sarah,2026-05-12 07:38:49.180687
195,Rachel Fields,melissa17@example.net,Outside million service too firm next activity range those history safe some daughter develop answer.,Refund,Negative,High,Forward to Refund Team,Resolved,Michael,2026-03-22 00:56:32.959607
196,John Robbins,wgray@example.com,Leave form energy start tough animal election outside minute interesting.,Complaint,Negative,Medium,Escalate to Manager,Open,David,2026-04-17 23:06:06.308645
197,Erin Steele,smithwilliam@example.net,Discover region trade know can nor himself relate concern back represent phone share her movement much among full mind.,Refund,Negative,Medium,Forward to Refund Team,Open,Ahmed,2026-05-15 14:01:12.853679
198,Mathew Morrison III,vhartman@example.org,Enjoy or model somebody my human west whatever should compare surface show.,Complaint,Negative,High,Escalate to Manager,In Progress,John,2026-03-31 22:19:37.822417
199,Aaron Kim,perezmichael@example.net,Lay site represent whole hundred off positive exactly term although strong production treat everything simple operation.,Sales,Positive,Medium,Forward to Sales,Resolved,John,2025-11-28 11:30:11.237919
200,Mr. Nicholas Taylor,maxwellhernandez@example.org,Security condition win specific nation together bill suggest hard local member economic wall place could wear.,Billing,Negative,Low,Forward to Billing,Resolved,Ali,2026-02-21 10:39:35.930236
201,Joseph Adams,qfisher@example.org,Friend analysis leg star record mouth how character poor first Republican fish determine total beyond drop.,Refund,Negative,Medium,Forward to Refund Team,Resolved,Michael,2025-11-08 18:14:19.549541
202,Andrew Moyer,gayjohn@example.org,Myself smile million also subject west continue read talk information mention more catch mention stock push cup gun.,Refund,Negative,High,Forward to Refund Team,Resolved,Fatima,2026-02-02 02:29:03.794025
203,Herbert Cantrell,tristan35@example.com,Detail more its small teach think good government space cold guy group.,Complaint,Negative,High,Escalate to Manager,Resolved,Ahmed,2026-06-08 17:30:21.603146
204,John Davis,whitecharles@example.com,Pass return road become society fact forward ready edge investment must often hope including nation civil receive couple second who painting lose position.,Billing,Neutral,Low,Forward to Billing,Open,Emma,2026-04-10 18:38:02.496860
205,Marvin Thompson,kennedymichelle@example.com,Some customer hour recently central something in coach really hard increase treatment mission surface herself provide million second white physical off.,Refund,Negative,High,Forward to Refund Team,Open,Ahmed,2026-05-29 05:28:57.307176
206,Christine Finley DDS,lisa45@example.org,Memory perform report garden officer before figure blood street buy sister top yourself some be.,Sales,Positive,Low,Forward to Sales,Resolved,John,2026-06-17 18:12:25.283618
207,Sabrina Williams,bridgesjerome@example.com,American while name middle large sport pressure education name machine century often accept among voice all various ask station.,General Inquiry,Neutral,Low,Customer Support,Resolved,Sarah,2026-06-30 01:15:45.708480
208,Jacob Clark,matthew30@example.com,Speak main wish her wonder teacher before apply thought that price you five claim both level analysis including strong key candidate fund.,General Inquiry,Neutral,Low,Customer Support,Resolved,John,2026-05-27 20:29:15.913428
209,Eric Romero,wardvanessa@example.com,Situation sense reach company meeting if two next can then choice above ball probably tonight free case doctor do.,Order,Negative,Low,Order Team,Resolved,Michael,2026-03-31 13:43:08.045168
210,Samantha Morton,mary25@example.net,Off Democrat likely performance religious successful fine bring language head practice should subject development pattern science glass environment.,Billing,Negative,Low,Forward to Billing,Open,John,2026-06-22 07:26:32.678311
211,Dustin Huynh,meyerwesley@example.org,Night reach beautiful American drive wind once fish nation computer anyone most free member civil can outside traditional raise central.,General Inquiry,Neutral,Low,Customer Support,Resolved,Ali,2026-02-18 22:13:02.514326
212,Kristen Pratt,alexandra02@example.org,Kind tend size industry blue window window final quite this summer beyond price political open test require.,Complaint,Negative,Medium,Escalate to Manager,Resolved,Ahmed,2025-11-07 02:05:33.223700
213,Melissa Edwards,jeromeyoung@example.org,Rate suffer opportunity avoid within movement brother trouble college quite most window phone moment trouble structure director statement theory evidence weight others.,Refund,Negative,Medium,Forward to Refund Team,Resolved,Sarah,2025-10-13 07:29:40.250893
214,Maurice Smith,phillipspatrick@example.org,Important skill pretty bed there agree whether suffer take guy thank understand family task.,Complaint,Negative,Medium,Escalate to Manager,Open,John,2026-03-30 12:15:10.953875
215,Amy Willis,hsweeney@example.net,Over suffer direction office whether system realize song particular attention organization business coach yard again it theory and really.,Order,Neutral,Medium,Order Team,Open,Sarah,2025-10-01 16:37:29.292323
216,Nicholas Wallace,leonardbeth@example.net,Throughout record sound current hot apply north yourself why by find bring similar training organization man.,Sales,Positive,Low,Forward to Sales,Resolved,Ahmed,2025-10-16 02:59:19.631337
217,Eugene Young,peter90@example.com,Sing sell push politics believe something total too fall chair site wide.,Complaint,Negative,Medium,Escalate to Manager,Open,Emma,2025-12-09 09:56:17.727712
218,Lisa Walters,timothysmith@example.net,Sister enter happy five movement employee open room music score their.,General Inquiry,Neutral,Low,Customer Support,Resolved,Ahmed,2026-03-24 08:53:33.645220
219,Samuel Gomez,hbrown@example.com,Condition grow option budget must probably and indicate red unit economic technology area put argue past watch guess red.,Sales,Positive,Low,Forward to Sales,Resolved,Ali,2025-09-20 07:27:14.960814
220,William Young,kimberlypoole@example.com,We stay find community all get fall pretty country school remain course child need consumer would check when number.,Refund,Negative,Medium,Forward to Refund Team,Open,Michael,2026-02-10 15:45:30.160164
221,William Brown,thendricks@example.org,Country four senior then he hundred necessary bed control beat order mention system accept continue prove ago action Republican player mouth.,Technical Support,Neutral,Medium,Assign Technical Engineer,In Progress,Fatima,2025-12-01 06:55:49.919140
222,April Curry,henrydaniel@example.com,Keep political cover exactly page after probably black affect close reduce me approach white.,Complaint,Negative,High,Escalate to Manager,Resolved,David,2026-07-06 00:25:21.474092
223,Rebecca Graham,edorsey@example.com,Involve everybody article month cold trip buy price anything man Mr sign.,Complaint,Negative,High,Escalate to Manager,In Progress,Emma,2025-10-19 08:58:00.126403
224,Samuel Frank,michaelchapman@example.net,Experience so in charge group give past add responsibility stock particular huge natural though goal whether street front south class well edge else enjoy.,General Inquiry,Neutral,Low,Customer Support,Resolved,John,2025-09-25 15:42:48.313607
225,Kelsey Young,nelsonmelissa@example.org,Serious source want while market something along from upon increase particularly stuff realize experience realize seat three away.,Sales,Positive,Medium,Forward to Sales,Resolved,Sarah,2026-01-25 03:57:37.877036
226,Mariah Steele,oking@example.org,Beyond friend animal yeah young compare dinner star get approach his view reach without attorney eight say quality bed allow theory region surface age.,Billing,Negative,Medium,Forward to Billing,Open,Fatima,2026-06-15 09:45:32.459667
227,Brian Edwards,lopezthomas@example.org,Citizen that decide body sell foot security work within operation leg know position idea investment management else way nature.,Order,Negative,Medium,Order Team,Resolved,Ali,2026-05-19 01:27:03.646885
228,Melissa Curry,christopher84@example.org,Action list particular nature full economy politics suggest always security.,Complaint,Negative,Medium,Escalate to Manager,In Progress,Ali,2026-05-30 16:42:51.291103
229,Frederick Berger,brooke56@example.net,Soon experience fall also television director the Congress upon religious ever she two.,General Inquiry,Neutral,Low,Customer Support,Resolved,John,2026-04-01 07:15:51.825763
230,Jason Alvarez,jenna09@example.net,West note adult both manager series should able government like every teacher difficult idea throw end heavy quickly.,Sales,Positive,Medium,Forward to Sales,Resolved,John,2025-10-28 11:24:39.345405
231,Gregory Johns,diana20@example.com,Attack window opportunity against old garden chance bag writer as seek sometimes.,Technical Support,Negative,High,Assign Technical Engineer,Resolved,Sarah,2026-07-07 13:19:04.286414
232,Natasha Macias,sharptammy@example.com,Really seem western party point write car hair education the season center.,Order,Negative,Low,Order Team,Open,John,2025-10-27 20:33:20.853120
233,Brian Woodard,kylie55@example.com,Try painting system night factor tell ten candidate source approach bar garden certain man talk.,Refund,Negative,Medium,Forward to Refund Team,Open,Fatima,2026-05-31 13:48:44.090015
234,Glenn Thomas,josereed@example.net,Tax send third market food wide soon kind provide together provide feel allow usually car.,Complaint,Negative,High,Escalate to Manager,Open,Fatima,2026-06-28 03:00:34.029622
235,Michael Sanchez,micheal84@example.org,Official peace discover financial yard more reflect international south under term trouble thought never idea bill sometimes decision production.,General Inquiry,Neutral,Low,Customer Support,Resolved,Emma,2025-11-26 18:08:35.249644
236,Lindsay Jones,austinmary@example.org,Appear a memory attack middle statement my girl apply bank anyone reality recent stage up get most skill couple paper.,General Inquiry,Neutral,Low,Customer Support,Resolved,Emma,2025-12-19 15:24:04.052537
237,Renee Elliott,patrick57@example.net,Want fast trial these friend lot open before site present region point somebody across face.,General Inquiry,Neutral,Low,Customer Support,Resolved,Michael,2026-06-04 14:07:13.021718
238,Timothy Werner,xmcclure@example.net,Before guess rate bank word allow enjoy ready education difference.,Sales,Positive,Medium,Forward to Sales,Resolved,Michael,2025-12-27 18:25:04.908670
239,Stacey French,nvasquez@example.com,Conference eight support to report control economy similar idea risk account make five result need history reason city event government community.,Complaint,Negative,High,Escalate to Manager,Resolved,Fatima,2025-11-28 09:29:00.147689
240,Richard Edwards,samuelperez@example.org,Available relationship space nice science adult fear rise any system eat particularly wear good yet subject agree put character game central.,Technical Support,Negative,High,Assign Technical Engineer,Resolved,John,2026-05-21 10:54:02.373486
241,Miss Sandra Hebert,melissa11@example.org,Newspaper worker bad indeed trouble speak movie manage across same continue cause build.,Complaint,Negative,Medium,Escalate to Manager,Open,John,2025-10-03 14:25:12.556659
242,Carl Newman,hughesdaniel@example.net,Blue reduce night together need truth soon community reveal moment student performance strategy difference buy by free effect deep day.,Technical Support,Negative,High,Assign Technical Engineer,In Progress,Michael,2025-10-03 06:03:40.741314
243,Jessica Moreno,robert71@example.org,President cold central forget address set prevent about research up effort popular make here article grow lawyer along amount down sense study head.,Order,Negative,Low,Order Team,Resolved,Emma,2026-04-24 13:36:20.305116
244,Richard Curtis,susan02@example.org,Political place successful issue federal cell about organization box out other.,Billing,Neutral,Medium,Forward to Billing,Open,John,2026-05-29 14:02:44.277061
245,Autumn Flores,mckenziealexander@example.net,Pm reflect prevent view street short father continue its new system offer.,General Inquiry,Neutral,Low,Customer Support,Resolved,Ali,2026-04-19 14:38:48.829315
246,Jose Garcia,lisa47@example.com,Total budget do practice myself college road without lose wish upon suddenly represent glass if discover court home he partner.,Complaint,Negative,High,Escalate to Manager,In Progress,Emma,2025-10-14 17:52:52.291373
247,Daniel Anderson,eschwartz@example.net,Her total local opportunity kid generation first we employee husband a father week.,Complaint,Negative,Medium,Escalate to Manager,In Progress,John,2025-12-07 14:15:25.766188
248,Crystal Wilson,kylerichards@example.net,Term middle trouble concern both change kind center cup run wife.,Complaint,Negative,High,Escalate to Manager,Resolved,Fatima,2026-03-06 15:41:35.194124
249,Jacob Gonzalez,emilylyons@example.org,Thought interview trip hope throughout provide sit follow information expect eat per natural expert series single model than different street number together toward understand.,Billing,Negative,Medium,Forward to Billing,Resolved,Ali,2026-02-12 23:17:43.876170
250,Gregory Williams,tdavis@example.net,Cold everyone pressure movie reason about shoulder ahead parent human laugh natural major eye mind probably high wear rest both ask.,Complaint,Negative,Medium,Escalate to Manager,In Progress,Emma,2026-04-30 04:08:59.239025
251,Roger Bishop,wewing@example.org,Fast effort discussion worker teach recent as force blue what peace.,Complaint,Negative,Medium,Escalate to Manager,In Progress,John,2026-01-10 14:36:34.258180
252,Kevin Fields,jack00@example.net,Appear enough think because specific capital heavy business anyone power so provide lose time program across.,Technical Support,Neutral,High,Assign Technical Engineer,Resolved,John,2026-01-16 07:38:22.487413
253,Edward Hughes,pauledwards@example.org,Score week population evidence thousand board carry continue you series beyond audience state cost condition could however.,Complaint,Negative,High,Escalate to Manager,Open,John,2025-12-19 22:56:46.137105
254,Justin Thomas,matthew47@example.org,Research do employee former financial father market together about social night adult leave wind hit international believe me official shake these magazine.,General Inquiry,Neutral,Low,Customer Support,Resolved,Ahmed,2025-12-26 01:01:19.278103
255,Adam Miller,qjohnson@example.org,View talk east child left main democratic task receive career now first give unit investment impact.,General Inquiry,Neutral,Low,Customer Support,Resolved,Sarah,2025-09-10 23:50:45.500253
256,Michael Cummings,aanderson@example.com,Course agreement black inside magazine western including message more how provide defense pass least have general treat fund event once sea.,Technical Support,Negative,Medium,Assign Technical Engineer,Resolved,John,2026-03-11 01:19:07.238780
257,David Jackson,cherylhunter@example.net,When without week itself side follow eye short serve let say natural father.,Refund,Negative,Medium,Forward to Refund Team,Open,Fatima,2026-01-29 01:50:38.353684
258,Benjamin Brown,gabrielle79@example.org,Forget none seven star eye ok art popular do know tree your.,Complaint,Negative,Medium,Escalate to Manager,In Progress,David,2026-05-13 12:37:33.281924
259,Nicole Campbell,allisonadam@example.org,Start professional argue assume service audience full some military situation serve account purpose allow at just.,Complaint,Negative,Medium,Escalate to Manager,Open,David,2026-05-14 09:22:18.941116
260,Bob Johnson,morsestephen@example.net,Image leader federal modern each carry ahead country effect charge claim for work song she.,Billing,Neutral,Low,Forward to Billing,Open,Michael,2025-09-10 01:51:29.246752
261,Jordan Smith,joshuastevens@example.com,Church buy citizen certainly figure turn great color pretty popular consumer class of design film factor half collection evidence seven station maybe impact.,Complaint,Negative,High,Escalate to Manager,Resolved,John,2026-04-29 06:23:44.881692
262,Mark Williams,aarondunn@example.net,This war yard run exactly mind in figure method five discussion country mean we couple help.,Billing,Negative,Medium,Forward to Billing,Resolved,Sarah,2026-03-25 09:09:18.207417
263,Michelle Kramer,lewisrachel@example.com,Whom especially produce ball quickly them small pick store sport future likely up expect success audience serious religious appear fast voice these gun.,Complaint,Negative,High,Escalate to Manager,In Progress,Ahmed,2025-11-15 15:08:50.277028
264,Diana Stokes,timothyharris@example.org,Might which player firm loss share water bed born yes person century then example perhaps fast remember herself style.,Order,Neutral,Medium,Order Team,Open,John,2026-04-02 09:55:46.222111
265,Cindy Hill,bmora@example.net,Kitchen crime same car close production partner surface office write inside go official probably leave heavy.,Technical Support,Negative,Medium,Assign Technical Engineer,In Progress,John,2026-02-21 14:12:59.228770
266,Pamela Garrett,lorigreen@example.com,Arrive fire perform far organization keep ever pay health scientist none expect during simple rather trip care each we.,Billing,Neutral,Medium,Forward to Billing,Resolved,Ahmed,2026-01-01 11:09:25.532719
267,Crystal Stewart,ocampbell@example.com,Business half grow collection people reality today tend happy leg reduce item.,Billing,Neutral,Low,Forward to Billing,Resolved,David,2026-04-17 13:21:35.141705
268,Ryan Woods,paula85@example.com,Citizen hour itself hold value general product business court manage raise coach.,Technical Support,Neutral,High,Assign Technical Engineer,In Progress,Fatima,2026-06-15 01:29:07.608040
269,Christopher Watson,meghansimpson@example.com,Leave newspaper cultural development pressure buy kid important if political need ability author opportunity black ago exist single.,Sales,Positive,Low,Forward to Sales,Resolved,Ahmed,2026-04-23 00:26:42.260731
270,Virginia Vazquez,christopherbyrd@example.org,Order feeling nothing matter let property few process evidence dinner still set phone wide many everyone enter.,Complaint,Negative,High,Escalate to Manager,Resolved,Fatima,2025-12-08 00:51:35.706826
271,Danielle Perez,mmarquez@example.org,Room would case citizen seven represent central either next perhaps scene.,Billing,Negative,Low,Forward to Billing,Resolved,David,2026-01-26 04:31:26.387280
272,Mrs. Allison Jackson,munozalex@example.org,Out possible may style sell back smile never catch born future hair other through local phone design arrive enough know all forget those tree.,Order,Neutral,Medium,Order Team,Resolved,David,2026-03-02 00:59:53.785042
273,Christina Hughes,randalltorres@example.net,Sure kid study table recent your eat both require social live computer many surface guy five such before.,Billing,Neutral,Low,Forward to Billing,Open,Fatima,2025-12-22 03:10:18.844050
274,Paul Gilmore,stevenmiller@example.org,Pretty side toward contain great style compare owner fight so bag more support join consider behind teach collection exactly become matter.,Billing,Neutral,Low,Forward to Billing,Open,Sarah,2025-12-11 08:56:51.944744
275,Sara Lewis,uwest@example.org,Action statement operation community head rock effect happy red catch list relate realize fund and sit.,Complaint,Negative,Medium,Escalate to Manager,Open,Ali,2026-04-23 20:59:46.948809
276,Richard Joseph,melaniewallace@example.com,For ball toward let detail next similar thousand property change glass who.,Refund,Negative,Medium,Forward to Refund Team,Resolved,John,2025-12-11 11:00:51.289596
277,Andrea Peters,annalara@example.net,Issue court way exactly media happen game money message for pressure road citizen eight high.,Order,Neutral,Medium,Order Team,Resolved,Michael,2026-03-03 16:18:42.833474
278,Walter Brewer,lrasmussen@example.net,Usually president fire meeting since go politics meeting drive break whom.,Billing,Negative,Medium,Forward to Billing,Open,John,2025-12-18 16:36:31.102506
279,Angel Hammond,melissaroberson@example.com,Each design message cup scientist past make option will smile how join chair center bank table Congress describe cut seem near themselves interview past.,Complaint,Negative,Medium,Escalate to Manager,Resolved,Ali,2026-04-10 23:37:47.001131
280,Kevin Murphy,bellalexander@example.com,Much common contain character history catch price pressure result short toward most we pay during month.,Complaint,Negative,Medium,Escalate to Manager,In Progress,Ali,2025-10-18 21:25:32.212394
281,Morgan Hall,millercheryl@example.org,Generation set dog recently candidate student spend thing arrive hit low cover tonight huge model account imagine thing join lot scientist station cost be.,Technical Support,Neutral,High,Assign Technical Engineer,In Progress,Ahmed,2025-09-05 05:26:13.847495
282,Sheila Ross,leahmejia@example.net,Usually too challenge attack old sport couple later professional sister make day capital whole number.,Complaint,Negative,Medium,Escalate to Manager,In Progress,Ahmed,2026-02-16 03:14:40.930976
283,Michael Reynolds,tanya23@example.net,Brother future among late computer evening hope care industry analysis gas ago sea sing.,Complaint,Negative,High,Escalate to Manager,In Progress,Sarah,2026-02-15 15:34:25.559945
284,Benjamin Sanders,ereed@example.org,Project establish best than discover specific discuss window color growth police.,Complaint,Negative,High,Escalate to Manager,Resolved,Ahmed,2025-11-30 19:29:23.869962
285,Tina Johnson,herrerachristine@example.net,World to example few list Congress color all worry sell past minute owner.,General Inquiry,Neutral,Low,Customer Support,Resolved,John,2025-11-08 05:18:42.465705
286,Jeffrey Young,scottthompson@example.net,Include stand investment husband raise throughout pattern human leave improve whose necessary must attack sing best I Democrat different wait Republican vote whatever.,Complaint,Negative,Medium,Escalate to Manager,Open,Ali,2026-05-23 19:09:11.771892
287,Melissa Perry,xmunoz@example.com,Identify kitchen will conference very act church professional adult while each forget painting and.,Sales,Positive,Medium,Forward to Sales,Resolved,Ahmed,2026-05-09 12:46:40.866081
288,Sean Brown,chad62@example.org,Expert agree her move game future interesting statement recently agency realize bank rule plan cold same again production officer quickly forget expect that.,Refund,Negative,Medium,Forward to Refund Team,Open,Emma,2026-07-15 12:35:47.095832
289,David Shaw,kennethmoss@example.org,When program site left right central base trip turn drug short author worry house nice from modern rate hotel.,Billing,Neutral,Low,Forward to Billing,Resolved,Ali,2025-11-03 08:56:12.968424
290,Carol Wilkinson,emosley@example.org,Maybe strategy past anyone great actually field Mr table wonder both difference bar factor fight price public season feel almost magazine machine attention trial.,Complaint,Negative,High,Escalate to Manager,Resolved,Ali,2026-04-25 18:33:39.420040
291,Daniel Nash,christopher64@example.net,Keep kitchen perhaps apply measure account be of maybe body hand factor hear various second.,Billing,Neutral,Low,Forward to Billing,Resolved,Sarah,2026-04-18 22:41:34.740789
292,Joseph Herring,fmassey@example.com,Thus trade away man hand course price pull bring note order lead table.,Sales,Positive,Medium,Forward to Sales,Resolved,Sarah,2026-03-02 20:18:30.416277
293,William Moran,tmosley@example.org,Fall option environmental mission technology agent create manage fast lose involve trade specific any Democrat moment white increase network analysis keep sure.,Billing,Negative,Low,Forward to Billing,Open,Fatima,2026-06-02 20:05:44.832644
294,Phillip Ellis,qmitchell@example.org,About include more simple part keep accept worry cover treatment score company group bed section.,Order,Neutral,Low,Order Team,Open,Fatima,2026-04-01 08:31:46.682699
295,Jacob Osborne,plewis@example.org,Difference base year green rise across old especially share environment reveal stop significant stuff democratic card.,Order,Neutral,Medium,Order Team,Open,David,2025-10-10 10:45:33.698864
296,Jennifer King,william23@example.net,Property ability score wife environmental throughout over always TV will food first.,Order,Neutral,Medium,Order Team,Open,Michael,2026-02-14 10:00:40.792895
297,Tony Williams,campossean@example.com,Deal eight court quite bar happy institution among case them themselves stuff during bed same after she across fund let.,Complaint,Negative,High,Escalate to Manager,In Progress,Michael,2025-10-13 19:26:35.430167
298,Natalie Munoz,dstephens@example.net,Probably simple north activity ok hundred national blood dog me television above low those but member born mean along difference exactly consider nothing else compare.,Refund,Negative,Medium,Forward to Refund Team,Resolved,David,2026-02-16 01:45:37.956633
299,Angel Jones MD,laradavid@example.net,Strong like that tell rather then method next house drug realize difficult student first nor so.,Complaint,Negative,High,Escalate to Manager,Resolved,Fatima,2026-03-15 04:24:30.486749
300,Christopher Gonzalez,lgonzalez@example.net,Better yet race buy four specific believe at allow result feel range candidate stop police.,Billing,Neutral,Low,Forward to Billing,Resolved,John,2026-05-11 04:44:06.511149
301,Kyle Cook,ihopkins@example.com,Camera every thing exist lot whole behind take unit side meet return.,Billing,Negative,Low,Forward to Billing,Resolved,John,2026-05-07 05:45:13.683132
302,Jason Roberts,christinalane@example.org,Knowledge party Republican fast interview friend ten decision mission idea long minute camera let by state hour bag wonder thus bag end grow artist.,Refund,Negative,Medium,Forward to Refund Team,Open,Fatima,2026-04-22 10:54:34.320455
303,April Gonzalez,greenealexander@example.net,Show chair interview director company theory improve me quite sister entire boy way attention foreign pressure half maybe member.,Complaint,Negative,High,Escalate to Manager,In Progress,Sarah,2025-10-11 06:49:51.582244
304,Megan Rush DVM,zromero@example.com,Add lose away shake include field edge maintain real fall bank report interest perform information time to end suggest.,Billing,Neutral,Medium,Forward to Billing,Open,David,2026-04-11 20:56:13.180624
305,Thomas Kennedy,scott57@example.com,Main other must design star commercial present play result measure accept financial white.,General Inquiry,Neutral,Low,Customer Support,Resolved,Ahmed,2026-03-15 11:27:21.599998
306,Danielle Schultz,kari24@example.com,Day oil wife student bar article admit coach season everything.,Billing,Neutral,Medium,Forward to Billing,Open,Sarah,2026-06-05 12:47:44.740124
307,Sharon Williams,vwhite@example.org,Contain phone trip girl ten fight it spend happy yet experience crime now Congress whole energy Mrs son boy standard down single on entire.,Billing,Negative,Low,Forward to Billing,Resolved,Emma,2026-05-10 22:50:59.959068
308,Becky Koch,michelle39@example.com,Us bed against actually world station together quality final firm across style size imagine red use close media risk Congress one check form others.,Complaint,Negative,Medium,Escalate to Manager,In Progress,Emma,2026-01-30 04:19:58.999791
309,Holly Knight,rharrington@example.org,When edge rich process government could economic almost nor especially magazine management human.,Order,Negative,Medium,Order Team,Open,Emma,2026-05-23 02:50:39.509778
310,Michelle Moses,thomas98@example.net,Strategy manager know although teacher current there water ahead nation school no possible alone major tax.,Order,Neutral,Medium,Order Team,Open,Fatima,2025-12-30 18:50:58.137911
311,Mark Munoz,theresa37@example.org,Though bank writer possible series million field win computer direction start two so lawyer town herself want start scene certainly skin relationship or significant measure.,Complaint,Negative,Medium,Escalate to Manager,In Progress,David,2025-09-30 06:36:51.922149
312,Philip Gilbert,daynicole@example.net,As six describe on kid learn type star never it once professor near size decide his industry body onto system end red as.,Technical Support,Neutral,High,Assign Technical Engineer,Resolved,Emma,2025-12-29 06:33:04.979499
313,Dr. Evelyn Smith,owenstamara@example.com,Really share commercial maybe often church book special win company property learn hospital now there operation.,Complaint,Negative,High,Escalate to Manager,Open,Michael,2025-08-07 20:51:31.273837
314,Karen Montgomery,lopezrachel@example.net,Number exist land best late writer much yard full total house Congress eight buy.,Sales,Positive,Medium,Forward to Sales,Resolved,Ahmed,2026-05-08 00:56:47.476516
315,Daniel Austin,lindaandrews@example.com,Position tax three step stock easy land another oil defense player might.,Technical Support,Negative,High,Assign Technical Engineer,In Progress,Ali,2026-04-15 12:39:42.414076
316,Alexandra Martinez,deborah63@example.net,Close machine ground firm operation hit analysis worry open traditional particularly face onto stand indicate already open more wear.,Refund,Negative,High,Forward to Refund Team,Resolved,David,2026-07-26 22:08:49.527590
317,Ryan Schwartz Jr.,david33@example.com,Where however close animal doctor recognize plant property create hour level create could.,Complaint,Negative,High,Escalate to Manager,In Progress,Ali,2025-11-19 19:02:48.356538
318,Jennifer Strickland,johnpayne@example.com,Woman remember word until teach position control early effect much firm including.,Refund,Negative,High,Forward to Refund Team,Open,Ali,2026-06-14 01:30:30.391806
319,Tyler Lowery,austinmatthew@example.org,Find owner particular exist history leg nature want big enjoy fine million performance its road city box just opportunity participant pull factor note affect.,Complaint,Negative,High,Escalate to Manager,In Progress,Ali,2026-01-07 18:08:17.276742
320,Katherine Montgomery,oconnorronald@example.net,Police about network detail skill accept force chair relationship animal paper marriage truth sure course cultural place finally me wrong represent.,Sales,Positive,Medium,Forward to Sales,Resolved,Emma,2026-01-11 15:14:48.369653
321,Amy Ryan,nicolewest@example.com,Line particularly teacher war after listen during traditional do economy to full three.,Billing,Neutral,Medium,Forward to Billing,Open,Ali,2026-01-21 09:55:43.735807
322,Sharon Bradshaw,heathercoleman@example.org,Officer peace still morning fear cultural approach role page in seem democratic age as.,Order,Negative,Medium,Order Team,Open,Ahmed,2026-04-20 07:37:45.961527
323,Rebecca Gross,eevans@example.net,Edge own these work chair may after Congress TV end soldier pay fire nothing however western even rest.,Billing,Neutral,Low,Forward to Billing,Resolved,Fatima,2026-06-30 02:28:55.067261
324,Alexis Jordan,andrea40@example.net,Time over since make water over serve trade baby grow night break test.,Complaint,Negative,High,Escalate to Manager,Open,Emma,2026-01-07 11:01:17.366030
325,Helen Roberts,vmaynard@example.net,Gas skin account fast military method scientist wait quickly start stay care receive.,Sales,Positive,Low,Forward to Sales,Resolved,Sarah,2025-11-05 18:28:22.169998
326,Diane Adams,castanedajane@example.org,Large majority court former manage involve movement those else any while magazine.,Order,Neutral,Medium,Order Team,Open,Fatima,2026-03-25 00:42:20.032346
327,Troy Watkins,bondrick@example.org,Staff that light ever person growth need child approach who live research side provide question blue relationship green run rest fear mission determine.,Sales,Positive,Medium,Forward to Sales,Resolved,Fatima,2025-09-13 21:49:59.035774
328,Thomas Cox,aaronjohnson@example.com,So left book even author success letter machine peace exist foot laugh then old manage investment million development describe thank result these garden.,Complaint,Negative,High,Escalate to Manager,In Progress,Emma,2025-10-24 21:57:31.862315
329,Robert Brown,erinlara@example.org,Or relationship material hair continue civil past wear standard radio number before attack anything now fill news civil middle task control able still time.,Order,Neutral,Medium,Order Team,Open,Sarah,2026-01-23 23:55:05.703326
330,Jessica Myers,virginialopez@example.net,Find adult condition teacher father discuss care although military training major tell big question move management TV bed degree generation member modern decide choose information.,Refund,Negative,Medium,Forward to Refund Team,Open,Michael,2026-03-06 21:10:27.302296
331,Erin Dean,levialvarez@example.net,Account order machine next maintain and approach whether rise meeting program near interest student little thousand.,Order,Neutral,Medium,Order Team,Resolved,Ali,2025-11-21 21:43:53.811248
332,Renee Fuentes,stephanie71@example.org,His decade argue story seem work property catch red player new long figure leader exactly.,Order,Negative,Low,Order Team,Open,Ahmed,2026-01-20 04:12:20.028191
333,Christie Watson,charles76@example.net,Thought food question little continue heart less together right feeling seek teacher hair resource participant.,Complaint,Negative,High,Escalate to Manager,In Progress,Sarah,2026-01-24 07:07:59.280804
334,Anthony Roberts,lisawagner@example.org,Leader decade group current no probably evidence center during me against pressure industry involve perhaps former year central.,Billing,Negative,Medium,Forward to Billing,Resolved,David,2025-11-22 23:32:27.015503
335,Joseph Wilson,darlenebranch@example.org,Role start other dinner street somebody everything black control tonight affect center alone them few something she nation word foot join oil strategy.,Complaint,Negative,Medium,Escalate to Manager,Open,John,2026-02-19 20:26:49.858396
336,Gary Ayala,hunteroneill@example.net,Reality modern condition exactly agency business include culture attorney nor sort service party leave body others country firm major although.,Sales,Positive,Low,Forward to Sales,Resolved,Emma,2026-05-18 17:16:06.128583
337,Erica Gibson,jaime50@example.org,Leader moment we kind yard hold site partner thing when kind conference.,Refund,Negative,High,Forward to Refund Team,Resolved,Sarah,2026-05-22 08:12:45.656229
338,Kristopher Torres,whansen@example.net,Parent actually art either list often leg me become Congress anything nation.,Order,Neutral,Low,Order Team,Resolved,Michael,2025-11-08 17:55:07.424456
339,Jason Thomas,kathryn80@example.com,Worker main on would minute soon bad edge yard career speech break where it generation bank response suddenly hand.,Technical Support,Negative,Medium,Assign Technical Engineer,In Progress,John,2025-09-20 16:36:27.938344
340,Edward Price,josephwilliams@example.com,Like parent consider character head walk scientist coach federal include show agreement return officer front seat hear measure let whom you store.,Sales,Positive,Medium,Forward to Sales,Resolved,Ali,2026-01-03 23:16:30.383706
341,Christopher Garza,cruzmelanie@example.org,A none occur language career plan range card example artist stage government exist never season how their than seek general perform lawyer degree.,Sales,Positive,Medium,Forward to Sales,Resolved,Ali,2026-07-13 04:53:56.821837
342,Jeanette Alvarez,troytaylor@example.org,Structure red rich much rest of fund such throw baby last participant better.,Refund,Negative,Medium,Forward to Refund Team,Resolved,David,2025-12-14 12:16:21.832201
343,Anthony Mcpherson,nielsenmichael@example.com,Field performance world position star heavy knowledge market food move already stay table do cause rate laugh.,Refund,Negative,Medium,Forward to Refund Team,Open,Michael,2026-06-01 07:37:44.891668
344,Melissa Campos,ashley65@example.org,Bed week second newspaper guy what general run gas agreement form eight.,Technical Support,Negative,Medium,Assign Technical Engineer,Resolved,John,2026-07-27 09:57:29.602160
345,Lisa Gibson,hamiltonnicole@example.net,Also street then similar why Democrat describe billion certainly win case without rate hotel various information forward option.,Sales,Positive,Low,Forward to Sales,Resolved,David,2026-07-31 09:34:11.899994
346,Maria Miller,charlesmarsh@example.com,Establish necessary leader win left different right wall threat raise beautiful measure at late will against woman small race simple above allow because top return.,General Inquiry,Neutral,Low,Customer Support,Resolved,Fatima,2025-10-15 12:51:26.295010
347,Mr. Micheal Allen DDS,gmckenzie@example.net,Outside become care order figure name sort almost most current candidate lay prepare game understand future even wall.,Technical Support,Negative,High,Assign Technical Engineer,In Progress,Sarah,2025-11-29 13:17:05.902856
348,Dr. Diana Munoz,jeremiah74@example.net,Fear article establish have about his message name community challenge answer give receive finish most brother grow she begin buy station together special.,Refund,Negative,Medium,Forward to Refund Team,Resolved,Ali,2026-07-30 21:20:07.453975
349,Thomas Maxwell,raymondwaller@example.com,West improve believe phone current although during executive then I single movement green from simple hot thus Congress day dinner stuff none mouth.,Technical Support,Neutral,High,Assign Technical Engineer,In Progress,John,2026-06-30 11:52:20.964987
350,Melissa Mercer,coreyraymond@example.org,Anything play let brother particular focus all sometimes language prevent allow can attorney rate.,Complaint,Negative,High,Escalate to Manager,Resolved,Michael,2026-06-30 16:33:51.390508
351,Tina Perez,wendyharrison@example.net,Structure would lose seat situation here significant despite wind six standard worry night cover police us sister write pretty can.,Refund,Negative,High,Forward to Refund Team,Open,Ahmed,2025-08-02 16:39:13.917277
352,Alexis Harris,ojordan@example.org,Sense record management determine chance within partner would rise group keep yourself avoid ahead different middle young ready big consider attorney party reduce agent ago.,Complaint,Negative,High,Escalate to Manager,Resolved,John,2026-01-18 15:33:47.736023
353,Courtney Williams,bsmith@example.org,Player fire we social city public respond tax month full art daughter service bring.,Complaint,Negative,Medium,Escalate to Manager,Open,John,2026-03-17 17:36:07.707063
354,Carol Olson,emitchell@example.com,That play site century range artist skill south social so operation data imagine Mr person state.,Refund,Negative,Medium,Forward to Refund Team,Resolved,Sarah,2025-09-18 00:13:05.557405
355,Ashley Anderson DVM,pjohnson@example.net,Near middle similar discussion throw stuff fire character network chance operation huge throughout friend movement.,Refund,Negative,Medium,Forward to Refund Team,Resolved,Emma,2025-12-14 09:18:18.816883
356,Victoria Walker,christopherbrown@example.net,Agent black blue account figure a test which thus my onto scene hope image edge hour in she lead knowledge general represent.,Refund,Negative,High,Forward to Refund Team,Open,Emma,2026-02-01 12:34:48.467210
357,Steve Casey,joshuawells@example.com,Into size nice law determine war test certain Republican present public continue attorney trouble school deep.,Complaint,Negative,High,Escalate to Manager,Resolved,David,2026-06-01 18:16:18.815758
358,Eric Peterson,dunnrebecca@example.com,Student author form if community line kind whom pull black spend price together interest beyond high community specific later role call cell street this.,Sales,Positive,Medium,Forward to Sales,Resolved,David,2025-09-25 13:38:08.542931
359,Toni Williams,olsonmelissa@example.com,Lot easy also body movement certainly close decision author change as establish.,Complaint,Negative,High,Escalate to Manager,Resolved,Michael,2026-07-06 12:13:56.573325
360,Pamela Thomas,beth26@example.org,Face concern city organization central growth wonder necessary everybody recent free plant sister southern music letter.,Order,Negative,Low,Order Team,Resolved,Michael,2026-06-03 16:43:16.180040
361,Jeremy Bass,tjackson@example.org,Process possible dog world law better third consider area look strong hear rule true cause hotel level pretty place need.,Complaint,Negative,High,Escalate to Manager,In Progress,Ali,2025-11-02 07:33:59.652253
362,Patricia Martinez,alawrence@example.net,Measure include foreign dark seem country girl person one maybe voice.,Refund,Negative,High,Forward to Refund Team,Open,Fatima,2025-09-07 01:06:05.913713
363,John Austin,rbrown@example.com,Build beat executive financial my foreign gun dinner accept citizen paper become radio reach but.,Complaint,Negative,Medium,Escalate to Manager,Resolved,David,2026-05-23 23:33:23.318548
364,Connie Garcia,vross@example.net,Single year behavior consumer without analysis part Congress try industry social son deep situation everybody subject first draw heart also picture pattern activity.,Complaint,Negative,Medium,Escalate to Manager,Resolved,David,2026-05-11 09:52:15.396962
365,Stephanie Parks,gregory12@example.com,Pass difference size only suddenly social need big fear record degree hit on push start reduce fall military science.,Sales,Positive,Low,Forward to Sales,Resolved,Sarah,2025-10-17 16:58:06.859418
366,Valerie Brewer,hansendavid@example.org,Fly effect great Mr office population now wide away new my scientist order trade name statement month mouth term two local land agent baby.,General Inquiry,Neutral,Low,Customer Support,Resolved,Sarah,2026-01-13 09:35:48.553331
367,Mathew Wolfe,danajimenez@example.com,Blood number can treat agree just majority realize remember open little process morning national watch future better who seem phone tend summer staff.,Order,Neutral,Low,Order Team,Open,Sarah,2026-05-26 01:34:58.445289
368,Elizabeth Hill,zwalker@example.com,War answer call war born wonder compare son decision process everyone institution deep recently leg.,Sales,Positive,Medium,Forward to Sales,Resolved,Ali,2025-12-04 14:02:30.828129
369,Joshua Ferguson,probinson@example.org,Skill true go pick firm summer economic entire kitchen person everything movement number various.,Sales,Positive,Medium,Forward to Sales,Resolved,Emma,2026-04-21 14:55:33.682050
370,Connor Norris,staylor@example.org,Machine consumer once here real however reach air tend together remain task both with.,Billing,Neutral,Medium,Forward to Billing,Open,Sarah,2026-05-11 01:02:57.926861
371,Kenneth Ramirez,justin82@example.net,Only administration able left election article box store it decision art station treat accept bit majority.,Complaint,Negative,High,Escalate to Manager,Open,Ali,2025-11-04 05:12:43.919138
372,Sean Brown,ryan86@example.net,Important join send ready quickly choose movie process region purpose watch different.,Refund,Negative,High,Forward to Refund Team,Open,Emma,2025-10-13 19:19:12.165472
373,Joel Allison,ilewis@example.com,General rise reason data number old glass according agency mouth two actually science information all.,Sales,Positive,Medium,Forward to Sales,Resolved,Emma,2026-03-18 12:04:56.948997
374,Todd Kim,abigailandersen@example.net,Total hair develop can size see pressure beautiful late pattern citizen perform have once.,Refund,Negative,High,Forward to Refund Team,Resolved,Emma,2025-09-16 23:26:36.129242
375,Mark Blake,ispencer@example.org,Item according data risk city bring garden plant sure order player anyone right down community piece purpose wall they minute amount challenge leader.,Refund,Negative,Medium,Forward to Refund Team,Open,Emma,2025-09-10 14:41:49.999325
376,Joseph Camacho,marynichols@example.org,Good event then hot least then write organization ability clear list sure political really worker over.,Refund,Negative,Medium,Forward to Refund Team,Open,Ali,2025-09-25 02:24:45.883527
377,Alyssa Bryant,dylanrojas@example.org,Dog behind watch majority color career effect specific line we in arm word present parent build.,Refund,Negative,Medium,Forward to Refund Team,Resolved,Fatima,2026-02-26 20:24:52.046506
378,Dakota Bowman,mbutler@example.com,Lose foot another successful energy feeling history eye more indicate glass single agreement to support court building clear tonight wonder open.,Refund,Negative,High,Forward to Refund Team,Resolved,John,2025-10-18 08:51:53.833473
379,Raymond Ford,bryanspencer@example.net,Administration son grow I culture before many election keep issue bed market believe doctor lawyer party seek inside good.,Refund,Negative,High,Forward to Refund Team,Resolved,Ahmed,2026-03-02 17:08:06.327567
380,Patrick Smith,dana78@example.org,Partner early body despite process soon close box treatment toward call cause work hard speak move image plan too pattern nearly shoulder line happy.,Complaint,Negative,High,Escalate to Manager,Resolved,Sarah,2026-04-07 21:36:55.603890
381,Joseph Simmons,michael03@example.net,Be yard design contain program middle series miss customer young would.,Complaint,Negative,High,Escalate to Manager,Resolved,John,2026-06-05 18:46:59.910972
382,Gregory Wilson,hullwilliam@example.com,Worry form another stuff day certainly something cell expect cold ready response.,Sales,Positive,Low,Forward to Sales,Resolved,John,2026-03-12 08:14:05.156821
383,Matthew Patton,umiller@example.com,Word even visit TV involve under I half reveal before first picture such shake school show stand stay name.,Complaint,Negative,High,Escalate to Manager,Resolved,John,2026-07-03 10:43:39.098820
384,Louis Leach,hawkinsjoel@example.net,Movement back level end go billion decision enough notice especially situation use guy out ground eye family teacher administration unit let far.,Complaint,Negative,Medium,Escalate to Manager,Resolved,John,2026-03-10 08:05:03.009700
385,Olivia Velasquez,charles11@example.net,Response manage until agree common want play have author home deep machine couple peace entire carry tonight raise sure again future minute mission against.,Order,Neutral,Medium,Order Team,Resolved,Sarah,2025-12-12 05:51:31.933139
386,Dylan Dean,xhill@example.net,Lay alone woman officer claim start task serious I bed book manage.,Order,Negative,Low,Order Team,Resolved,Ahmed,2026-06-24 02:11:32.679730
387,Christopher Moore,angela41@example.com,Bit hope meeting around certainly check either trial rock collection for.,Refund,Negative,High,Forward to Refund Team,Open,Michael,2026-06-09 04:53:47.633889
388,Jessica Gardner,parkcrystal@example.com,Compare possible pull administration school speech boy minute simply language place nature since difficult sometimes house above sense raise wide my.,Refund,Negative,High,Forward to Refund Team,Open,Ahmed,2026-06-28 07:56:47.920366
389,Brittany Gutierrez,emily46@example.org,Data director participant probably once return hope improve lot blood poor wall often power western suffer project consider part western.,Technical Support,Negative,High,Assign Technical Engineer,Resolved,John,2026-02-05 21:28:28.196668
390,Richard Sanchez,martinezchristina@example.net,Through month professor ball down investment no fast father federal woman would school manager either event.,Refund,Negative,High,Forward to Refund Team,Resolved,Sarah,2025-09-26 05:10:55.287020
391,Larry Johnston,elizabeth39@example.com,Clearly industry article animal enough theory forward include experience statement sign forward near tonight full respond.,Complaint,Negative,High,Escalate to Manager,Resolved,Emma,2026-05-11 05:41:30.403384
392,Sheila Hampton,amber76@example.net,Check key one worker lay somebody treatment worry toward marriage night together suffer audience owner.,Sales,Positive,Low,Forward to Sales,Resolved,Fatima,2026-03-11 14:24:20.324735
393,Willie Haynes,tracysmith@example.com,Fear allow leg society eight court group seven worker old executive town specific feel consider radio single kitchen someone specific true.,Technical Support,Neutral,High,Assign Technical Engineer,In Progress,Ahmed,2025-09-25 13:55:24.269614
394,Patricia Juarez MD,barbara34@example.org,Safe whether news form today hospital number still staff really.,Refund,Negative,High,Forward to Refund Team,Resolved,Ali,2026-04-02 02:45:43.047569
395,Mr. Zachary Miller,williamdixon@example.net,How dinner face how school wife bill himself must forget energy physical information activity cold society response land yard hold enter police.,Complaint,Negative,High,Escalate to Manager,Open,Fatima,2026-02-16 16:39:19.472687
396,Anthony Marshall,andrealutz@example.com,Response any whether point difference live first great really environmental month cause many fill what maybe coach time special.,Refund,Negative,High,Forward to Refund Team,Open,Emma,2025-09-30 13:41:27.965829
397,Charles Conley,kthompson@example.com,Claim that card wrong public pattern information back meeting finally including north.,Complaint,Negative,High,Escalate to Manager,Resolved,Sarah,2026-04-25 06:40:12.984276
398,Nicholas Copeland,jacobgarza@example.org,In my try true of herself chance company performance history his particularly force stand start science shoulder.,Technical Support,Negative,High,Assign Technical Engineer,Resolved,John,2025-11-30 18:02:08.733684
399,Andrea Torres,robert83@example.com,Interest share human when purpose mouth every billion whom century late huge where theory item glass explain have.,Refund,Negative,Medium,Forward to Refund Team,Resolved,David,2026-07-31 03:01:26.002791
400,Donna Schroeder,kimbrian@example.net,Soldier very both save everybody land base under physical win onto hope as matter so church.,Refund,Negative,High,Forward to Refund Team,Open,Michael,2026-04-27 06:44:09.286239
401,Kyle Fisher,bbrown@example.com,Letter hope bag run loss material among officer perform speech.,Billing,Negative,Low,Forward to Billing,Resolved,Emma,2025-11-19 20:03:12.203415
402,Christopher Mendoza,schultzian@example.org,Dream space live agency rock development pass fish character hospital table decide difference artist face mean.,Refund,Negative,Medium,Forward to Refund Team,Open,David,2025-12-14 07:02:07.343895
403,Robert Boone,anne50@example.org,Cost image as although store evening behavior house upon concern thus street hotel institution city free important current skill most.,Refund,Negative,High,Forward to Refund Team,Resolved,Ali,2026-05-23 05:37:32.239089
404,John Wolf,xvega@example.org,Degree son operation gas most certainly either message develop apply value identify yard task inside nice relationship attack present another performance news sure order.,Technical Support,Negative,Medium,Assign Technical Engineer,In Progress,Fatima,2026-01-21 13:49:55.960595
405,Jeanette Riley,juan93@example.com,Appear know week serve computer agency glass Democrat police in yourself decide develop its accept just.,Refund,Negative,High,Forward to Refund Team,Open,John,2026-07-18 01:12:20.629682
406,Austin Barr,kennethmann@example.com,Today Mrs former election his west admit fast view seem when country cost despite.,Complaint,Negative,Medium,Escalate to Manager,Open,David,2026-04-20 01:46:56.624198
407,Kelly Brown MD,johnsonjohn@example.com,Partner former sign nor enter often describe three fact issue off especially prepare onto staff produce while meeting value public data attack first maybe.,Billing,Neutral,Low,Forward to Billing,Open,David,2026-05-03 16:43:10.106691
408,Jennifer Nguyen,markholt@example.com,Professional cup green natural office good buy project sort natural quite husband employee skill.,Complaint,Negative,High,Escalate to Manager,Open,Emma,2026-07-12 02:02:32.123382
409,Amy Evans,padillajeff@example.net,Task tax accept gun care exactly describe generation group participant owner gun certain executive have Mrs.,Technical Support,Negative,High,Assign Technical Engineer,In Progress,Sarah,2026-07-19 07:14:46.868411
410,Douglas Vasquez,michelle02@example.net,Police item kind whether positive reduce live month hope century south today lose stay institution drug mouth.,Refund,Negative,Medium,Forward to Refund Team,Resolved,John,2025-09-30 11:40:41.499565
411,Anthony Johnson,cparker@example.net,Capital travel happy later we result face American walk word game father environment.,Billing,Neutral,Medium,Forward to Billing,Resolved,John,2026-02-07 08:34:07.677762
412,Diana Lambert,hernandezshane@example.com,Such simply move people thus these hold minute part reality certainly poor seven.,Complaint,Negative,Medium,Escalate to Manager,Resolved,Sarah,2025-12-26 01:47:22.381086
413,Nicole Daniel,cooknathaniel@example.com,Economic drug within southern give me leg tell game once have write natural air red any improve region.,Complaint,Negative,High,Escalate to Manager,Resolved,Emma,2026-06-15 16:35:05.339570
414,Crystal Paul,linda39@example.org,Scene family mouth work job one fact meeting pretty expert road five someone ahead nice receive relationship yourself other generation direction indeed everything value.,Billing,Negative,Low,Forward to Billing,Resolved,Ahmed,2026-04-02 16:51:09.274532
415,Kelly Chandler,sherry14@example.com,Environment brother material discussion rate side maybe father believe wife cause any say keep opportunity if.,Complaint,Negative,High,Escalate to Manager,Open,Michael,2026-05-09 06:03:31.061990
416,Timothy Ingram,djoyce@example.org,Rate garden health financial sea behind treatment discover wind ground may account send her just entire morning movie citizen material minute.,General Inquiry,Neutral,Low,Customer Support,Resolved,Ali,2025-08-25 02:31:34.642985
417,Jose Mathews,cporter@example.org,Doctor professional Democrat task teach if rather window rate peace home light notice left possible road soon or board than.,Billing,Negative,Medium,Forward to Billing,Open,Michael,2026-03-08 19:22:11.414164
418,Stacy Brown,russell83@example.com,Security before but until common travel sister boy production talk second second treat tree upon not check learn enough real moment here American throw save.,Order,Neutral,Medium,Order Team,Resolved,Ahmed,2025-12-26 13:49:52.988464
419,Connor Downs,johnsonmelissa@example.net,Window country throughout store quality seat person worry impact room so capital close performance poor.,General Inquiry,Neutral,Low,Customer Support,Resolved,Fatima,2025-08-23 09:46:27.883363
420,Jacob Allen,kristiewilliams@example.org,Agent why buy finish time strategy young coach until factor against teach tough war return improve idea west huge civil spend wide understand action kid.,Complaint,Negative,High,Escalate to Manager,Resolved,David,2026-06-21 20:14:09.760912
421,Alexis Martin,meghan69@example.com,Camera begin camera issue report him heart but adult car stuff letter recent.,Technical Support,Negative,Medium,Assign Technical Engineer,Resolved,Emma,2026-07-07 17:04:21.965650
422,Karen Mcgee,shannonchristy@example.org,Contain wife degree during member nice relate mention he rule account fact three born marriage job friend meeting security else thought mother white until.,Complaint,Negative,Medium,Escalate to Manager,In Progress,Ahmed,2026-05-06 21:41:11.936088
423,Brittany Bryant,tammyblair@example.org,Perhaps development article try magazine environment month product example say entire hair new manage room benefit.,Refund,Negative,Medium,Forward to Refund Team,Open,Ali,2025-11-22 23:11:33.425696
424,Joshua Thomas,smithjames@example.com,Recent machine thus first second painting year such least receive left half them fish network find firm.,General Inquiry,Neutral,Low,Customer Support,Resolved,John,2026-01-02 13:49:37.858720
425,Gerald Krause,kristen55@example.com,Why former show chair shoulder clear interview color color position me space rather treatment quality change during pass.,Sales,Positive,Medium,Forward to Sales,Resolved,Ali,2025-10-21 01:40:11.358369
426,Matthew Koch,nicolehunter@example.org,Surface market woman or our its they indicate message eat our out end first long appear realize look wide.,Refund,Negative,Medium,Forward to Refund Team,Resolved,Sarah,2026-02-09 23:31:17.180869
427,Ariel Mata,pearsonrichard@example.com,Same it her already senior of member history have TV strong anything cover tend walk media street adult reduce finally.,Complaint,Negative,Medium,Escalate to Manager,Resolved,Sarah,2025-11-02 11:33:54.849783
428,Miranda Perez,irwindylan@example.net,Picture car clearly big gun tend indeed matter local matter section democratic question act class series learn central instead.,Complaint,Negative,High,Escalate to Manager,In Progress,Emma,2025-12-19 16:31:38.345173
429,Andrew Ramirez,jacksoncory@example.net,Stage road near including mother wind certainly else already ready nice value civil involve.,Technical Support,Negative,Medium,Assign Technical Engineer,In Progress,Ali,2025-09-20 23:16:24.930171
430,Susan Burns,shelbyjones@example.org,Understand under bed leg number owner hard onto minute office PM southern give authority share whatever.,Order,Neutral,Low,Order Team,Open,Sarah,2026-07-23 09:11:50.775354
431,Tara Hayes,franciscohughes@example.net,Field similar serious decide two interest food to particularly ever image tell between remember hospital that civil raise key response activity wide record.,Complaint,Negative,High,Escalate to Manager,Open,Emma,2026-03-28 15:57:57.825126
432,Eddie Malone,xprice@example.net,Religious charge need computer myself say whatever listen society around painting center one source why power bill something.,Sales,Positive,Low,Forward to Sales,Resolved,Emma,2026-06-30 19:09:24.048175
433,Mitchell Beard,richard82@example.org,Often effect grow world miss reason similar summer remember down community really apply near name movie.,Technical Support,Neutral,High,Assign Technical Engineer,In Progress,John,2026-02-06 00:37:21.438524
434,Cassandra Franklin,evansstephanie@example.net,Notice visit size politics everything ability whatever them cost fear face cause.,Complaint,Negative,Medium,Escalate to Manager,Resolved,Sarah,2026-05-02 14:11:04.452138
435,Kimberly Harris,khurst@example.com,Market election leader experience another loss specific book memory prevent year least take boy quite interview us rise civil first boy.,Order,Neutral,Medium,Order Team,Resolved,Ali,2026-05-17 03:27:51.326433
436,William White,catherine40@example.net,Nature executive series option well investment herself surface hair yourself through beyond I job.,Complaint,Negative,Medium,Escalate to Manager,Resolved,Emma,2026-06-30 01:52:59.656380
437,Dylan Thomas,patricia07@example.com,Experience as style young season talk size attention five should place continue successful government just art take forward environmental pass.,Complaint,Negative,High,Escalate to Manager,Resolved,David,2026-01-30 08:59:00.889322
438,Ryan Morton,wooddawn@example.net,Institution information whatever top new measure opportunity expert defense follow history computer.,Sales,Positive,Medium,Forward to Sales,Resolved,David,2026-06-19 10:12:17.092399
439,James Nunez,jeffery31@example.org,Leave against practice oil a life civil describe the provide protect chair save speech remember ability hot back develop offer a.,Refund,Negative,High,Forward to Refund Team,Open,Emma,2026-01-13 14:33:34.490755
440,Melissa Freeman,campbelljulie@example.com,Air TV author know people government president available pressure than worry such report watch past play page.,Order,Neutral,Low,Order Team,Resolved,Sarah,2026-07-18 08:34:23.198936
441,John Baxter,mburch@example.com,Blue use affect thousand radio treatment election half finish base project ready care simply rich media society Republican share term tell.,Complaint,Negative,High,Escalate to Manager,Resolved,Ali,2025-09-30 17:25:10.030554
442,Edward Lewis,cfrazier@example.net,Democratic moment bring book project tree rise though computer child suggest boy follow shake represent Congress notice here.,Sales,Positive,Medium,Forward to Sales,Resolved,Ahmed,2026-07-05 06:58:33.824267
443,Julie Powers,seandean@example.org,Quite agreement sometimes fire fill million section cell pass industry pick area modern somebody enjoy style night executive door health everything.,Billing,Neutral,Low,Forward to Billing,Resolved,Fatima,2026-04-17 07:32:23.670171
444,Andrew Copeland,joseford@example.net,When prove herself way whose land begin order girl enough news small.,Order,Negative,Medium,Order Team,Open,Ahmed,2026-03-23 15:35:56.960737
445,Casey Robbins,emily95@example.com,Full home six production next above once whose better hundred front something know mind rule I whom stage marriage nor everybody away money outside research.,Order,Negative,Low,Order Team,Open,Fatima,2026-03-16 10:06:59.806692
446,Joel Greer,walter50@example.net,Child option recent go could piece throw information Mr environment item test weight well speech move.,Refund,Negative,Medium,Forward to Refund Team,Open,Ahmed,2025-11-14 18:52:56.810925
447,Jessica Martinez,vicki61@example.net,Water land air analysis deep ability item perform natural rather push military body feel measure animal week year store.,Refund,Negative,High,Forward to Refund Team,Open,Sarah,2026-05-13 14:02:43.680723
448,Kelly Duncan,miguelarcher@example.com,Movement smile key poor beautiful property only science research baby name ball account science beyond key must perform mind amount.,Order,Negative,Low,Order Team,Resolved,John,2026-06-13 14:13:46.616050
449,Shannon Mcguire,joliver@example.com,View lawyer drive prevent build own in late in direction chair anything simply key gun attack stuff think.,Complaint,Negative,High,Escalate to Manager,In Progress,John,2025-10-04 15:27:56.152803
450,Brett Thomas,parker78@example.com,Station green how check much onto with state record number discover film that up pretty truth stuff paper.,Complaint,Negative,High,Escalate to Manager,Resolved,David,2026-01-10 17:55:07.250762
451,Melanie Pearson,nashclinton@example.com,Become discussion candidate machine administration manage near man weight nation herself leader president pattern college raise energy particular field serious perform behind.,General Inquiry,Neutral,Low,Customer Support,Resolved,John,2026-01-12 15:15:15.845232
452,Brandy Stevenson,robert83@example.com,Work along network ground improve green blood continue act stock bill eye participant better final total no together idea share from through area.,Complaint,Negative,High,Escalate to Manager,In Progress,David,2026-02-01 06:12:49.004955
453,Angela Pruitt,sherithompson@example.net,Environmental fill kind themselves ahead teach fire create determine red near exist indicate budget team.,Refund,Negative,High,Forward to Refund Team,Resolved,Ali,2025-08-30 07:16:37.893625
454,Wayne Kelly,kelly99@example.com,Stock you media any marriage movement focus board light well control large fly bed interview between agree professor resource hour debate.,Billing,Negative,Low,Forward to Billing,Open,Michael,2026-01-09 05:39:02.400725
455,Travis Shields,campbellkayla@example.net,Event poor pressure claim model loss fly season adult design behind professional study guess pattern kitchen economy task guess behind friend.,Sales,Positive,Low,Forward to Sales,Resolved,Fatima,2026-01-09 15:03:23.639651
456,Lindsay Lambert,jessicalopez@example.org,Fill interest test director ability cost service bank foreign here stay it step.,Refund,Negative,Medium,Forward to Refund Team,Open,Michael,2026-06-17 19:19:04.285344
457,Isaiah Hayes,mistybaker@example.org,Bad unit local game laugh carry west again ask position minute dog military like coach piece television word agency.,Refund,Negative,High,Forward to Refund Team,Resolved,Michael,2025-11-08 18:15:19.047819
458,Andrew Williams,wanda30@example.net,Floor mind establish foot light loss food author poor between when control firm party reach several everyone address question record.,General Inquiry,Neutral,Low,Customer Support,Resolved,John,2025-09-20 23:17:37.333014
459,Brandon Webb,leetonya@example.org,Century whether option power someone fire law Mrs listen require current heavy wonder into his.,Complaint,Negative,High,Escalate to Manager,In Progress,Sarah,2025-12-09 06:06:51.870459
460,Christy Torres,ilyons@example.com,Agent majority lose rise five candidate also least yard choose toward court would report dog owner participant road notice away example wife.,Sales,Positive,Medium,Forward to Sales,Resolved,Ahmed,2025-11-01 14:18:09.796985
461,Jill Bell,zacharychase@example.com,Task pattern region quickly capital age cause game only difficult popular among risk firm area effect who really support really no.,Billing,Neutral,Low,Forward to Billing,Resolved,David,2026-08-01 15:40:22.213993
462,Matthew Wright,jennifer37@example.com,Dog task region box power eye must bad you artist successful reduce education thing.,Complaint,Negative,High,Escalate to Manager,Resolved,Ali,2026-03-10 05:45:43.543620
463,Megan Woods,james16@example.com,Guy trade table information TV meeting step manager final life difference interest live worker happy relationship recently guess bit much.,Technical Support,Neutral,Medium,Assign Technical Engineer,Resolved,Michael,2025-12-10 18:20:50.429759
464,Jeremy Wilson,michael32@example.net,Show just yeah analysis toward well present available grow collection simple pass.,Complaint,Negative,Medium,Escalate to Manager,Open,Michael,2026-03-26 01:39:14.496876
465,Linda Gonzales,courtney34@example.org,Drive company sit war increase training lose group deep attack too thousand hair inside daughter television election similar Republican manage each behind.,Complaint,Negative,Medium,Escalate to Manager,Open,John,2025-09-24 04:39:02.741607
466,Cheryl Savage,ramseyhannah@example.net,Practice shake return able baby ask apply policy water modern yeah week person process account opportunity moment.,Order,Negative,Medium,Order Team,Resolved,Ali,2025-11-13 21:50:03.554283
467,Mark Morales,jerry93@example.org,Also worker production great worker end war his bag improve particularly administration source forward degree business American wind we wall team teacher American.,Billing,Negative,Medium,Forward to Billing,Resolved,Sarah,2025-08-31 06:08:42.467397
468,Jeffrey Barber,gmorrow@example.org,Life check international hair everyone society hold never certain another memory.,Billing,Neutral,Low,Forward to Billing,Open,David,2025-11-25 02:45:38.584363
469,Cole Williamson,ezhang@example.net,Administration particularly pressure enjoy art nature daughter PM lead modern environmental hit hour group she board.,Refund,Negative,High,Forward to Refund Team,Resolved,Sarah,2026-04-28 20:16:30.458273
470,Chris Lyons,luke61@example.org,Prevent future my new every check protect prepare nor maybe much morning charge people last shake figure.,Complaint,Negative,High,Escalate to Manager,In Progress,Ahmed,2025-10-09 14:24:25.409803
471,Jason Pollard,branchcaleb@example.net,Public position own later drop check pattern central term several maintain cut above Mr movie citizen others wall.,Billing,Negative,Low,Forward to Billing,Resolved,Ali,2025-11-27 14:46:50.416335
472,Jack Collins,brianwalker@example.com,Nature respond true evidence him quality herself pass race tend such art floor while analysis factor talk choice road news court share same under.,Refund,Negative,High,Forward to Refund Team,Resolved,David,2026-07-06 06:58:41.192812
473,Frank Fuller,jaimegilbert@example.net,Market force garden act light although spring stock whole heavy spend police deal than beat message east help capital front down see collection.,Sales,Positive,Low,Forward to Sales,Resolved,Sarah,2025-12-31 22:32:24.991220
474,Katie Harrington,julie06@example.net,Model military reality teach structure young agree fish discover series national gas finally city voice rock so care close house would determine happy.,Sales,Positive,Low,Forward to Sales,Resolved,Sarah,2025-11-11 17:10:12.498496
475,Todd Allen,svelasquez@example.net,Walk issue arm boy become plant tax job role cost view whether those back grow find series late few thing attorney.,Sales,Positive,Low,Forward to Sales,Resolved,Ahmed,2025-12-09 16:58:32.778446
476,Linda Ortega,ataylor@example.net,Guy option own eat need help sport break create sense recent history per own experience than just conference window.,Order,Negative,Low,Order Team,Resolved,David,2026-01-20 00:27:53.060915
477,Robert Carroll,cindyibarra@example.com,Because live finally chair ask public method guess on wind product.,Order,Negative,Low,Order Team,Open,Sarah,2026-01-14 11:34:37.089571
478,Donald Lawrence,gomezkathryn@example.org,Too Mrs news state few people everything message reveal never management part economic either account five four painting thought doctor those my citizen democratic.,Complaint,Negative,High,Escalate to Manager,In Progress,Ahmed,2025-09-01 21:50:33.764734
479,Joe Rodriguez,david93@example.com,Participant reach Democrat service than data action put tax charge leg not magazine paper none forward performance find step morning.,General Inquiry,Neutral,Low,Customer Support,Resolved,Michael,2025-12-12 09:12:46.288271
480,Debbie Barnes,plawrence@example.net,Approach nation finally director ahead ever positive through vote executive power pressure.,Billing,Neutral,Medium,Forward to Billing,Resolved,Ali,2025-12-31 23:03:06.105351
481,Tammy Hernandez,james36@example.com,As real these last evening threat among top evening safe.,Order,Negative,Low,Order Team,Open,Ahmed,2025-11-03 14:35:40.132068
482,Sharon Lopez,qmckenzie@example.net,No role until apply street until require dream television policy option positive friend maintain wrong claim boy say real play reflect five buy.,Refund,Negative,High,Forward to Refund Team,Open,David,2025-11-04 07:38:03.630201
483,Jeffrey Lee,xanderson@example.net,Professional level season include guess describe hospital dark public wrong road glass little practice keep series whose development citizen tonight continue data allow.,Complaint,Negative,High,Escalate to Manager,In Progress,John,2025-10-02 23:15:09.173905
484,Lucas Hamilton,nwatkins@example.org,Happen that drop team group we somebody participant detail technology wide suggest thing book research church last good medical list clear personal.,Complaint,Negative,High,Escalate to Manager,Resolved,Fatima,2025-08-15 02:14:37.544283
485,Samantha Nguyen,jcampbell@example.com,Forward organization understand gun mean receive situation hit in security later court where color choice owner while financial teacher center southern decide deep condition rest.,Complaint,Negative,High,Escalate to Manager,In Progress,Emma,2026-01-13 15:00:43.500236
486,Shawn Thornton,annette46@example.org,Claim determine represent investment hot thought general lay red very eye development strategy Mrs detail focus measure despite rise station across.,Complaint,Negative,Medium,Escalate to Manager,Resolved,Fatima,2026-04-02 21:11:47.455118
487,Carla Lambert,shepherdmeredith@example.org,Help direction source six guy bed father heart television finally role few pressure collection food.,Refund,Negative,Medium,Forward to Refund Team,Resolved,John,2025-10-31 15:36:19.573452
488,Julia Harrison,hernandeztodd@example.com,Son detail reach better maybe much member picture role leave police fine kid whether customer season unit.,Complaint,Negative,Medium,Escalate to Manager,In Progress,Sarah,2025-11-04 20:26:35.830755
489,Timothy Allen,jwiley@example.org,Per partner walk far trial open right nor west hospital less learn painting son expect carry natural really great already hear.,Refund,Negative,High,Forward to Refund Team,Resolved,Ali,2026-07-23 20:13:43.494071
490,Matthew Bowers,xfranco@example.org,Tell war move wide lead trip military go under lead successful road.,Sales,Positive,Low,Forward to Sales,Resolved,Emma,2025-10-22 14:26:18.399333
491,Stacey Reynolds,benjaminthomas@example.org,Happen ready election two unit fine free down catch wife me.,Billing,Neutral,Medium,Forward to Billing,Open,Michael,2025-08-15 03:11:50.712027
492,Jessica Martin,bellchelsea@example.com,Say another safe early leave service son work name fire third ok hotel both way think.,Complaint,Negative,High,Escalate to Manager,In Progress,Emma,2026-01-11 03:48:01.823101
493,Patricia Fields,barnesmark@example.org,Give role least president day why radio always PM for hand beautiful decide modern success early reveal stand.,Complaint,Negative,High,Escalate to Manager,Resolved,John,2026-04-10 00:10:18.697797
494,Richard Shaw,owilliams@example.net,Operation gas base case no outside prepare material really add analysis rather team clear business north hot determine sort shoulder better west.,Complaint,Negative,High,Escalate to Manager,In Progress,Fatima,2026-02-25 12:21:21.925582
495,Russell Castillo,courtneyhebert@example.org,Owner positive teach body successful point rise age increase result still information.,Complaint,Negative,Medium,Escalate to Manager,In Progress,Michael,2025-10-25 03:26:57.467703
496,Melanie Edwards,snydercourtney@example.org,Into cover performance job news office each last billion able right capital professional doctor.,Complaint,Negative,High,Escalate to Manager,Open,Emma,2026-01-08 22:44:18.351677
497,James Duke,ashley41@example.net,Own well national hour myself administration fact development put coach tend if production development future.,Refund,Negative,Medium,Forward to Refund Team,Resolved,Emma,2025-09-23 16:06:58.556062
498,George Howard,leekaren@example.net,Issue wonder radio shake view physical how dog operation company financial school exist realize.,Sales,Positive,Low,Forward to Sales,Resolved,Michael,2025-08-19 03:13:47.303622
499,Michael Newton,carrollmichele@example.net,Television professional perform goal first same include hand court face open realize than.,Technical Support,Negative,High,Assign Technical Engineer,Resolved,Fatima,2026-02-28 20:59:08.791409
500,Mr. William Lowe,pjones@example.net,Beat natural picture military forward nor investment feeling sign style character family music I media particularly enjoy.,Order,Negative,Low,Order Team,Resolved,John,2026-05-17 02:56:23.879499
501,Jennifer Cooke,hhawkins@example.com,Develop different any hand head tax meet note shake cause brother west plan around main production shake join data too certainly still bag.,Sales,Positive,Low,Forward to Sales,Resolved,Ali,2026-04-25 03:26:06.845373
502,Carlos Goodwin,jeremiahlewis@example.net,Everyone treat certainly behind candidate measure morning produce later fund conference hand company democratic day.,Refund,Negative,High,Forward to Refund Team,Resolved,Ali,2026-07-04 16:33:43.280637
503,Lance Morgan,lhamilton@example.net,Near professor me who father statement sense clearly personal election response instead maybe TV hard involve act store certainly.,Billing,Neutral,Low,Forward to Billing,Open,Ali,2026-02-02 19:56:27.565919
504,Brandy English,jason66@example.net,Man mean art throw interest shake cause bill bad production late boy wish understand move.,Complaint,Negative,High,Escalate to Manager,Resolved,Fatima,2026-07-16 12:12:53.382698
505,Shane Palmer,solomonbeth@example.net,Rise main brother candidate film someone reason someone fly president standard analysis teacher require north.,Refund,Negative,High,Forward to Refund Team,Open,Fatima,2026-07-23 11:42:14.089294
506,Courtney Parker,bhill@example.net,Sell new call Democrat stay miss prove hair picture notice official.,Order,Neutral,Medium,Order Team,Open,Sarah,2026-05-08 01:16:01.736429
507,April Lopez,kdavis@example.com,Pattern move continue that stage manager great security hard seem.,Complaint,Negative,High,Escalate to Manager,Open,David,2026-05-21 19:04:41.494042
508,Jason Garcia PhD,oyang@example.com,Everybody thought shake close TV street worry only test car maintain board expect read letter home whether.,Sales,Positive,Low,Forward to Sales,Resolved,Ali,2026-07-22 03:37:17.100090
509,John Levy,larry87@example.org,Style from gas different join think stuff challenge site modern cultural design old firm.,Technical Support,Neutral,Medium,Assign Technical Engineer,Resolved,Emma,2026-01-29 04:25:38.598695
510,Justin Nielsen,christinedaniel@example.org,Speak plan none they front sport it represent book population manager join fund.,Complaint,Negative,High,Escalate to Manager,Resolved,Michael,2026-07-11 03:28:46.346129
511,Frank Moore,kpoole@example.com,Opportunity energy let should apply voice fly prove out level able fight home cover high let most campaign.,Technical Support,Neutral,Medium,Assign Technical Engineer,In Progress,Sarah,2026-06-13 02:36:16.612852
512,Helen Allen,krystal49@example.org,Image general staff see arm certainly thousand enjoy doctor nor hope garden garden other.,Technical Support,Negative,Medium,Assign Technical Engineer,Resolved,John,2026-04-17 18:30:13.806924
513,Olivia Mcdowell,michaelschwartz@example.net,Name test consider participant government blood option tell charge soldier official political grow.,Refund,Negative,High,Forward to Refund Team,Open,Sarah,2025-09-24 04:16:30.856232
514,Christopher Romero,boydjim@example.net,Now must practice admit enter him serve nor likely try rock we score produce south go who see close modern usually apply force.,Complaint,Negative,High,Escalate to Manager,Resolved,Sarah,2026-07-17 06:42:34.451696
515,William Brady,brandon86@example.net,Likely stop must choose sometimes various reach north everyone form market do threat enough black bar help.,Sales,Positive,Low,Forward to Sales,Resolved,Emma,2025-09-11 06:00:14.757752
516,Richard Miller,william57@example.org,Education price bring especially newspaper season provide few international partner enter know conference during miss certain possible mean story blue add identify financial.,Order,Negative,Low,Order Team,Open,Fatima,2026-06-27 15:55:36.885621
517,Brandy Martinez,amber26@example.com,Believe teacher heart article before free woman writer such early.,Order,Neutral,Medium,Order Team,Resolved,John,2025-12-06 17:15:10.499897
518,Kathryn Barnes,sparksjohn@example.net,Lawyer still order admit source experience turn enough record investment institution north discuss professor place dinner class national have record picture.,Billing,Negative,Medium,Forward to Billing,Open,Michael,2025-12-22 23:00:32.912642
519,Laura Watson,bpark@example.org,Hot arrive big take discussion we support first kid dog trial outside similar turn rule manage front doctor lot send.,Complaint,Negative,High,Escalate to Manager,In Progress,Emma,2025-10-27 00:44:01.834867
520,Evelyn Martin,christopher63@example.com,And enough understand actually reach public nature consumer painting middle firm at matter myself answer dinner thing.,Complaint,Negative,Medium,Escalate to Manager,Open,Ali,2025-08-25 14:50:49.801016
521,William Rubio,bjohnson@example.net,Religious business play financial message image another program describe give relate financial tell method major meeting control because hot economic change leg determine.,Complaint,Negative,Medium,Escalate to Manager,In Progress,Michael,2025-10-30 07:25:57.363728
522,Robert Trujillo,doconnor@example.com,With already citizen month watch movie citizen word reason usually interest fly.,Technical Support,Neutral,Medium,Assign Technical Engineer,Resolved,David,2025-12-26 12:40:06.151860
523,Michelle Campbell,barbaracastillo@example.net,Including standard bad through surface center yard less feeling machine determine during necessary.,General Inquiry,Neutral,Low,Customer Support,Resolved,Ali,2026-05-26 06:20:39.464378
524,Paul Miller,xwaters@example.com,Mr pay teacher against catch choose result close page agency receive rise.,Sales,Positive,Medium,Forward to Sales,Resolved,Fatima,2026-05-28 20:48:47.390810
525,Heather Martinez,michelle82@example.com,Bank fill share up personal play go one join popular.,Billing,Negative,Low,Forward to Billing,Open,David,2026-01-24 20:52:21.383546
526,Brittany Hodges,johnenglish@example.com,History five modern rather ago probably stop task speech well training western affect subject next figure push voice test why mouth heavy throughout.,Complaint,Negative,Medium,Escalate to Manager,Resolved,Emma,2026-07-19 23:10:43.772456
527,Jonathan Griffin,james74@example.org,Chair east wife practice central return reveal of hear bed item look street that level artist story power clear history idea our respond recently.,Complaint,Negative,High,Escalate to Manager,Resolved,Emma,2026-05-19 07:32:36.773693
528,Anna Miller,vmorrow@example.org,Goal century hair development forward change always movement unit religious blue.,Sales,Positive,Low,Forward to Sales,Resolved,Michael,2025-09-15 03:19:21.799600
529,Jerome Jones,phicks@example.org,Light pressure method song his past item lose although catch agent onto fire sport mission.,Complaint,Negative,High,Escalate to Manager,In Progress,Emma,2026-04-30 08:19:28.233897
530,Mary Moreno,toddbanks@example.org,Small cultural reason agreement your woman detail American majority spring next writer word foot fly capital even identify.,Technical Support,Negative,Medium,Assign Technical Engineer,Resolved,David,2026-06-08 13:20:50.195233
531,Jennifer Hawkins,gregoryrusso@example.net,Bad buy information heart instead behavior loss environmental special compare blood sister series home general entire baby.,Technical Support,Negative,High,Assign Technical Engineer,In Progress,Emma,2026-06-16 15:24:18.892176
532,Janet Price,brittneyboyer@example.org,Already lose political half sell social office population Mrs forward.,Order,Neutral,Medium,Order Team,Open,Michael,2025-12-13 17:55:15.751631
533,Dr. Jessica Townsend,anthony40@example.org,Add partner area long nice southern news trial apply line open color attack example project water positive morning get amount analysis he.,Sales,Positive,Low,Forward to Sales,Resolved,Ali,2026-03-01 22:35:23.882483
534,Danielle Dalton,jessica03@example.net,Machine present walk past yourself that rather machine throw play threat back page event star office raise blue south describe.,Complaint,Negative,Medium,Escalate to Manager,Resolved,Ahmed,2026-03-13 13:59:59.426831
535,Cindy Blair,dleach@example.com,Me international national window exactly sell place southern impact address create.,Complaint,Negative,High,Escalate to Manager,In Progress,Fatima,2025-09-13 02:48:31.803607
536,Kaitlyn Robinson,stevensweeney@example.net,His material allow lose threat write decide threat approach person building part lead off.,Complaint,Negative,High,Escalate to Manager,Open,Emma,2026-06-19 13:44:58.304635
537,Sarah Alexander DVM,qblair@example.com,Opportunity crime style rather work tonight really big stock skin tough toward might him social it sure cost common easy.,Refund,Negative,High,Forward to Refund Team,Open,John,2026-07-18 23:18:51.771813
538,Carolyn Pace,yfox@example.net,Trip receive old television recognize because admit fight painting some rich situation deal voice general your thousand view fall bring possible those foot Mrs.,Refund,Negative,High,Forward to Refund Team,Open,John,2026-03-09 16:13:00.784388
539,Kim Lewis,walkertommy@example.net,Week over her card result outside physical character phone but yet material paper serve receive citizen usually card support.,Refund,Negative,High,Forward to Refund Team,Resolved,John,2026-04-05 09:26:38.211324
540,Rachel Berry,laurabarajas@example.com,Give dream always during agree pull bag minute tell exist experience others quite group maintain loss economy that identify across product chair.,Order,Neutral,Medium,Order Team,Resolved,Ali,2026-05-20 00:20:12.833191
541,Abigail Hines,wrightcheyenne@example.org,Fall large situation care campaign poor bill produce large man direction.,Complaint,Negative,High,Escalate to Manager,In Progress,Fatima,2026-02-22 17:44:22.167167
542,Kevin Patterson,mayerjonathan@example.net,Owner nothing performance threat role morning center whole blue begin cut indicate public live doctor.,Sales,Positive,Medium,Forward to Sales,Resolved,John,2026-04-10 23:46:12.881714
543,Garrett Flores,knightnicholas@example.com,Last baby include worker five per role certainly reason star age.,Sales,Positive,Medium,Forward to Sales,Resolved,Ahmed,2025-10-05 05:55:56.884308
544,Thomas Dean,vsteele@example.com,Town keep relate strategy security one certainly mission pick add myself share myself writer upon anyone why.,Sales,Positive,Medium,Forward to Sales,Resolved,Emma,2026-04-18 15:09:39.893585
545,Jessica Phillips,alex05@example.org,Character else power reveal bar administration PM international look other tax such firm father run indicate nearly value east sign name special edge.,Sales,Positive,Medium,Forward to Sales,Resolved,Michael,2025-09-02 21:51:11.664797
546,Carol Higgins,gilbertbryan@example.com,Arrive no style one road foot nothing very research identify either certain scene wrong future type far.,Sales,Positive,Medium,Forward to Sales,Resolved,John,2025-12-07 22:44:47.726917
547,Vincent Garza,simpsonsheena@example.com,Material true social night understand poor team rate media spend case build about expect stop.,Complaint,Negative,High,Escalate to Manager,Open,Emma,2026-04-20 03:43:44.767882
548,Michael Brown,thomasnancy@example.net,Space person road describe relate share whether major claim government story able provide share military form design force understand for.,Complaint,Negative,High,Escalate to Manager,Open,Emma,2025-11-18 20:04:51.962591
549,Bryan Krueger,mcgrathlinda@example.net,Sea pattern nation particularly friend section usually discover kid close then.,Refund,Negative,Medium,Forward to Refund Team,Open,David,2026-05-01 10:45:39.240177
550,Darin Gonzales,clarkvicki@example.net,Amount billion believe voice arrive role drive fire already federal drop work deal source sure.,Technical Support,Negative,High,Assign Technical Engineer,In Progress,Ahmed,2026-04-06 01:56:09.510572
551,Kristen Barber,lanedawn@example.org,Project particularly might theory occur news continue performance surface director stock pressure expert heavy office since seven go.,General Inquiry,Neutral,Low,Customer Support,Resolved,Ali,2026-05-20 09:52:06.593054
552,Michelle Mack,sullivanamy@example.org,Camera author ground from sit difference what artist quickly stand south send want office draw or win policy.,Complaint,Negative,High,Escalate to Manager,Open,Ahmed,2026-03-12 05:48:53.382201
553,Aaron Alexander,acrawford@example.net,President almost face go recognize spring structure understand leg because with poor medical political accept Democrat any teach plant whether new south decide.,General Inquiry,Neutral,Low,Customer Support,Resolved,Ali,2025-10-27 02:49:06.919925
554,Brendan Wang,jason18@example.com,Today citizen yeah actually quite ask performance moment onto bit concern participant out including by somebody half.,Refund,Negative,High,Forward to Refund Team,Resolved,Emma,2026-02-17 13:30:37.305688
555,Ashley Torres,justinwhite@example.com,Option relate boy provide like lay those change worry prepare down over capital yeah our together development country stand suggest window could concern home space.,Refund,Negative,High,Forward to Refund Team,Resolved,Sarah,2026-04-12 08:46:19.548459
556,Zachary Martinez,spencerford@example.org,Defense store reason perform Republican reason tend cultural year ago course.,Billing,Negative,Low,Forward to Billing,Resolved,Fatima,2025-12-28 21:09:35.919918
557,Karen Perez,esanchez@example.com,Painting window when military dog effect agreement financial seem market budget well medical nature even mother support crime scientist program watch professor.,Technical Support,Neutral,High,Assign Technical Engineer,Resolved,Emma,2026-02-18 22:33:07.671427
558,Sharon Schneider,lisa62@example.net,Quickly few week production evening arrive material by interest hear true great upon boy far behavior movement idea yet language subject manager.,Sales,Positive,Low,Forward to Sales,Resolved,Michael,2026-02-25 23:07:33.114208
559,Rachel Gray,rebeccawilliams@example.net,Improve consumer sign pick have point indeed cause now population and only develop compare message fact million civil.,Complaint,Negative,High,Escalate to Manager,Open,Ali,2026-05-19 05:24:26.035316
560,Sandra Williams,amberwaters@example.com,Whether manage sing thing moment red figure character age world fish six recently baby must sometimes western impact.,Sales,Positive,Low,Forward to Sales,Resolved,Ali,2026-02-26 12:57:19.602148
561,Andrew Avila,laura99@example.net,Question as yes they back pressure laugh particularly more sea would if give focus source compare worry notice.,Sales,Positive,Medium,Forward to Sales,Resolved,Michael,2026-04-15 02:16:15.026416
562,Curtis Medina,montoyaconnor@example.net,Couple point move usually three woman possible happen cost star account.,Complaint,Negative,High,Escalate to Manager,Open,Emma,2026-01-22 13:13:30.633239
563,Carol Carter,alejandrosmith@example.com,Already arm try left use kitchen return able them training would former radio.,Complaint,Negative,High,Escalate to Manager,Open,Sarah,2025-12-15 07:59:27.605577
564,Stephanie Baker,xswanson@example.org,Training stand defense brother available east bring local fund even how this newspaper who think brother state beautiful oil case meeting that.,Refund,Negative,Medium,Forward to Refund Team,Resolved,John,2025-11-24 08:35:13.980742
565,Natalie Spears,jerry66@example.com,Behind war receive international look least stuff experience door want piece.,Order,Negative,Low,Order Team,Open,David,2025-09-28 05:12:14.888892
566,Javier Adams,lmartin@example.org,Look though catch improve past inside guy out phone design trade per yes positive star such apply smile capital bag magazine peace.,Sales,Positive,Low,Forward to Sales,Resolved,David,2025-12-14 13:33:00.537902
567,Kathy Sharp,williamsvicki@example.net,Almost stand individual large yard beat impact blood set Democrat forget safe political gas billion business morning account full.,Refund,Negative,High,Forward to Refund Team,Open,Fatima,2025-08-06 05:11:56.165115
568,Christian Hughes,carrollrobert@example.com,If me next occur surface but fine nearly anything rise write second artist something team executive organization.,Technical Support,Negative,Medium,Assign Technical Engineer,In Progress,David,2026-04-18 12:14:25.956283
569,Julian Walters,jvasquez@example.com,Democrat later picture time environment marriage describe billion but read raise with nothing explain quality call middle.,Refund,Negative,Medium,Forward to Refund Team,Resolved,Ahmed,2026-07-16 13:33:25.551136
570,Shelly Jordan,vpoole@example.net,Understand institution western can role range morning appear career safe bring hotel school recent list institution idea watch husband building learn difficult.,General Inquiry,Neutral,Low,Customer Support,Resolved,Ali,2025-10-11 14:24:46.547699
571,Amy Lane,jillmiller@example.org,Hotel speech agree yard step kid issue with consumer who price now gas yes nature investment skin themselves.,Order,Neutral,Medium,Order Team,Resolved,Michael,2025-12-13 15:36:21.106941
572,Brian Webb,emma92@example.net,Born direction form partner country else thus century cover notice stay media land fear left speak financial peace myself market believe exist.,Sales,Positive,Medium,Forward to Sales,Resolved,David,2026-01-15 11:58:54.670077
573,Joy Fox,nichole18@example.org,Notice machine different describe program church big machine bit prepare about size sing reduce.,Complaint,Negative,High,Escalate to Manager,Resolved,John,2025-10-25 07:09:19.927855
574,Andrew Graham,hunterjason@example.com,Side country alone first section lot ability just right man deep cover practice.,Sales,Positive,Medium,Forward to Sales,Resolved,Ali,2025-12-07 17:19:00.168001
575,Tina Peterson,travis05@example.com,Pick others possible green present build church wall large chance letter plan.,Billing,Neutral,Low,Forward to Billing,Open,Ahmed,2025-09-20 06:34:01.106209
576,Benjamin Fields,james64@example.org,Scientist stay form interview town most worker pattern top heavy few attention point win.,General Inquiry,Neutral,Low,Customer Support,Resolved,Ahmed,2026-02-17 04:13:39.197252
577,Dr. Adam Griffith,leerichard@example.com,Natural democratic owner like enjoy describe long end score film majority book once institution ready raise book trial human room standard magazine avoid prepare.,Technical Support,Neutral,Medium,Assign Technical Engineer,In Progress,Sarah,2025-08-29 21:26:49.297331
578,Samantha Wagner,murphydevin@example.com,Keep test several write lot official including price rock action occur subject on better here activity.,Complaint,Negative,High,Escalate to Manager,Open,Michael,2025-11-26 09:29:27.328113
579,Angela Adams,michelle39@example.com,Agency south summer similar history prove imagine lose wife seek certainly what arrive place.,Billing,Negative,Medium,Forward to Billing,Open,Sarah,2025-11-21 23:44:50.796853
580,Stephanie Hogan,imiller@example.net,Once production method century occur begin medical picture water although final today.,Billing,Negative,Medium,Forward to Billing,Open,Ali,2026-06-02 06:27:48.465569
581,Raymond Walker,tsanchez@example.org,Attention itself billion watch yard daughter TV performance list day probably environmental pay scientist can model discussion respond.,Refund,Negative,Medium,Forward to Refund Team,Open,Fatima,2026-05-18 12:20:30.511938
582,Harold Moore,alexander84@example.net,Less hard sell drug perform next foreign writer offer military whose yourself despite popular scene sign upon.,Billing,Neutral,Medium,Forward to Billing,Open,Ahmed,2026-01-07 14:04:38.997749
583,Matthew Middleton,harrisdevin@example.com,These west her mission from relate minute skill collection half heavy recognize.,Sales,Positive,Medium,Forward to Sales,Resolved,David,2026-04-09 13:19:52.618737
584,Tamara Ford,orodriguez@example.com,Conference case like quality enough movie something feeling think war son positive also.,Technical Support,Negative,High,Assign Technical Engineer,In Progress,Sarah,2025-12-04 18:34:46.888251
585,Mandy Waters,teresa30@example.com,Other indicate college economic or thousand PM during almost current letter assume on a address than several.,Sales,Positive,Low,Forward to Sales,Resolved,John,2026-05-24 06:53:06.078427
586,Lisa Smith,taylorjeremy@example.com,Direction number itself add that seem pressure capital its rock accept style reason cup paper.,Complaint,Negative,High,Escalate to Manager,Resolved,Ahmed,2025-12-21 05:30:18.559818
587,Edward Lewis,benjamindiaz@example.com,Create hot more public eight second huge leg other available land anything guy idea song vote actually those beyond part teach support.,Complaint,Negative,High,Escalate to Manager,In Progress,Fatima,2025-12-09 11:43:41.473696
588,Audrey Lawson,thomas00@example.com,Never tell instead instead send financial board series wall night.,Complaint,Negative,High,Escalate to Manager,Open,Sarah,2026-05-19 09:50:33.529824
589,Richard Henderson,louis51@example.net,Thing alone decision where Democrat author second church every give let as woman art work represent instead policy our close keep two well every.,General Inquiry,Neutral,Low,Customer Support,Resolved,David,2026-05-04 21:20:05.108794
590,Richard Dunn,blevinshannah@example.net,Learn strong nor part trouble executive option source current turn along area according power white also south air possible situation.,Complaint,Negative,High,Escalate to Manager,Resolved,John,2025-10-11 11:30:37.898033
591,Carl Colon,tannertoni@example.net,Writer discussion produce market heart necessary add customer decision history necessary alone.,Technical Support,Negative,High,Assign Technical Engineer,In Progress,Ahmed,2026-01-23 23:04:02.166052
592,Amber Taylor,spencerjennifer@example.org,Program information figure eight cost more base spring stay trip bag mother our ready.,Technical Support,Negative,High,Assign Technical Engineer,In Progress,David,2025-10-18 04:03:52.383677
593,David Brown,matthewtucker@example.com,Move really home face person charge someone modern rock moment home not mother whether book practice someone impact billion trouble couple.,Sales,Positive,Low,Forward to Sales,Resolved,John,2026-02-15 00:52:29.252338
594,Marissa Hernandez,lindsaylee@example.net,Cause blue organization happy nature memory six film stand compare share bag they government responsibility though pattern level particular development.,Complaint,Negative,High,Escalate to Manager,Open,John,2025-10-01 22:07:29.767091
595,Russell Thomas,agoodman@example.com,Matter rest indeed model sign perform particular business sing down particularly role speech relate voice son cultural claim admit window.,General Inquiry,Neutral,Low,Customer Support,Resolved,David,2026-04-19 07:44:16.251047
596,Lori Sharp,newtonkyle@example.com,Try economy add how reduce learn pass feeling play career expect help maybe consider soon hold memory measure campaign public simply thousand agent task.,Complaint,Negative,High,Escalate to Manager,In Progress,John,2026-01-08 08:51:01.497135
597,Emily Buchanan,heather69@example.com,Instead among kid woman maybe history clear relate allow return article investment single important suffer particular plant out.,General Inquiry,Neutral,Low,Customer Support,Resolved,Emma,2025-11-10 15:48:41.914149
598,Taylor Glover,nancycollins@example.org,Actually seek discuss often plant past anything without enough reflect edge material skill moment movement focus during factor down successful.,Complaint,Negative,High,Escalate to Manager,In Progress,Ali,2025-12-24 05:29:30.756799
599,Kayla Ortiz,charlene44@example.net,Forget little in and term phone yourself development one loss guy skin benefit only agreement black others camera else identify pressure drug soon when.,Order,Negative,Low,Order Team,Resolved,David,2026-02-25 00:32:04.426468
600,Julie Lopez,sstephens@example.net,Billion step interview opportunity certainly hope capital push clearly phone several picture almost base.,Billing,Negative,Low,Forward to Billing,Open,Ali,2025-12-20 02:15:58.316258
601,Stephen Mack,ldickson@example.org,Low law hair degree prepare movement action end cup voice training assume its win able magazine animal thing human.,Billing,Negative,Medium,Forward to Billing,Resolved,David,2026-06-22 16:03:19.607015
602,Casey Miller,garzajesus@example.net,Later popular claim they tell after where push newspaper kitchen least success.,Refund,Negative,High,Forward to Refund Team,Resolved,David,2026-07-22 02:40:49.377734
603,Jillian Elliott,johnsonvictoria@example.com,Single stock compare read early employee as computer degree letter discuss travel.,Complaint,Negative,High,Escalate to Manager,In Progress,John,2026-06-30 10:52:25.455394
604,Amy Jefferson,cooperjamie@example.net,Cause town movement show or half less join kid ahead dark push return which we avoid from we.,Complaint,Negative,Medium,Escalate to Manager,In Progress,Michael,2026-07-09 20:57:04.067924
605,Daniel Brandt,jodi56@example.net,Miss range company hotel thus letter down although century successful enjoy adult medical poor choose season nearly eight industry must hope pass election.,Billing,Negative,Medium,Forward to Billing,Open,Michael,2026-04-11 14:32:05.444518
606,Kimberly Jacobs,suttoneugene@example.com,Those responsibility discover four blue race cell or set act.,Order,Neutral,Medium,Order Team,Resolved,Ali,2025-09-25 18:36:24.855028
607,Andrea Davis,amy40@example.net,Message challenge author kitchen result factor choose professor catch process ten recent second.,Refund,Negative,Medium,Forward to Refund Team,Resolved,Emma,2025-09-20 08:35:14.662768
608,Maureen Lawson,hpalmer@example.com,Foreign floor product course article place order least place politics sell.,Technical Support,Negative,Medium,Assign Technical Engineer,Resolved,Ali,2026-06-06 03:15:02.953224
609,Jason Young,brian31@example.org,Expect wonder agency fact stock history well manager trouble improve front speak site arrive agreement appear company.,Complaint,Negative,High,Escalate to Manager,Resolved,David,2026-04-24 22:04:14.985991
610,Amanda Coffey,megangutierrez@example.com,Somebody thus election nice cold develop join senior cell how market door since soldier want traditional line may into.,Refund,Negative,Medium,Forward to Refund Team,Open,Emma,2026-03-16 06:54:21.951858
611,Shannon Hamilton,james84@example.org,Only reduce idea argue generation article clear picture allow process big city mean room.,Refund,Negative,Medium,Forward to Refund Team,Open,David,2026-02-01 13:52:00.733154
612,Jeffrey Frazier,carlsonamber@example.com,Prepare follow clear present down training training bit house reality decide single establish.,Sales,Positive,Low,Forward to Sales,Resolved,Emma,2025-11-09 08:20:49.443914
613,Roberto Williams,hernandezsarah@example.net,Party church necessary exactly year stage dark fund arm west drop anyone.,General Inquiry,Neutral,Low,Customer Support,Resolved,Sarah,2026-04-24 09:13:57.531579
614,Rachel Ward,margaret46@example.com,Financial career room fast remain office man glass sense arrive science seem language sign tend administration reflect hour force.,Complaint,Negative,High,Escalate to Manager,Open,David,2026-01-26 17:36:35.057019
615,Leah Hampton,tamaraboyd@example.com,Individual morning involve positive tough prevent trade drug Mr production safe evidence phone decade lay begin real performance during event.,Complaint,Negative,High,Escalate to Manager,Resolved,Sarah,2026-02-21 14:58:54.286927
616,Brianna Ross,dakotacannon@example.com,Hope mean place between own some item father piece nation hour investment ball late one family program special you executive fall.,Complaint,Negative,High,Escalate to Manager,Resolved,John,2026-02-04 14:28:11.309494
617,Diana Brock,jennifercantu@example.net,And commercial while meet kid resource section blue own special pay spring brother operation wait section loss such trouble away price fast.,Order,Neutral,Medium,Order Team,Open,John,2025-11-22 15:09:23.913583
618,Christian Reilly,ramosveronica@example.org,Subject edge for realize think project production call into mean million matter necessary a modern however management spring east make pass public.,Complaint,Negative,Medium,Escalate to Manager,Open,Emma,2026-05-28 11:29:47.450517
619,Karen Leach,aprilthomas@example.com,Recently eight economic land wall yet past economic party yard sell area.,Billing,Negative,Low,Forward to Billing,Resolved,Michael,2026-05-20 15:55:58.472555
620,Steven Wilson,blopez@example.net,Customer we benefit accept their less process particularly attack pretty plan senior audience.,Complaint,Negative,Medium,Escalate to Manager,In Progress,Sarah,2026-03-04 08:03:13.179356
621,Alexis Willis,harrisrichard@example.org,Team performance style entire player fill simply culture man world sea.,Complaint,Negative,Medium,Escalate to Manager,Resolved,Fatima,2026-04-14 23:59:04.153110
622,Louis Cook,walter89@example.com,When city himself morning none him what interview forget expert nation realize tough security should line bar soldier main interview send deep.,General Inquiry,Neutral,Low,Customer Support,Resolved,John,2026-01-08 17:30:26.241641
623,Brett Sparks,brian78@example.org,Good me fund drug material score also worry political share name seem report.,Order,Neutral,Medium,Order Team,Resolved,Fatima,2025-12-06 11:41:53.732408
624,Sharon Ortiz,mitchellmatthew@example.net,Civil health not must large discussion majority plan attack political business miss product blood account business health lot politics that.,Billing,Negative,Medium,Forward to Billing,Resolved,John,2026-02-21 15:19:00.577256
625,Maria Reed,jasmine81@example.com,Give interesting technology various loss common large position data far night half free degree hour crime enter mind mind enough poor scene across.,Billing,Neutral,Low,Forward to Billing,Resolved,John,2026-05-18 18:22:57.226704
626,Martha Henry,cassandra68@example.com,Decide interview young expert happen official argue ability price Democrat language though exist cost they return night my analysis day note wonder peace.,Order,Neutral,Low,Order Team,Open,Ali,2026-07-07 19:19:50.033894
627,Charles Smith,evan19@example.com,Son image machine television along economy tend west population note charge billion account ahead quite.,Complaint,Negative,High,Escalate to Manager,Resolved,David,2026-05-13 03:37:59.733070
628,Nicholas Morton,taylor52@example.com,Data window however voice walk check want security official laugh movement.,Technical Support,Neutral,High,Assign Technical Engineer,In Progress,Emma,2025-08-27 00:51:37.053560
629,Jose Moreno,smithkathleen@example.com,Oil right physical power positive production research week media all everything time hope happy vote.,Complaint,Negative,High,Escalate to Manager,Resolved,Fatima,2025-08-06 20:24:41.568743
630,Lisa Lawrence,smithmegan@example.net,Beyond speak he ball fear he choice risk class join set policy tend police opportunity a thought send.,Sales,Positive,Medium,Forward to Sales,Resolved,Sarah,2025-09-15 22:14:35.291695
631,Jane Turner,courtney03@example.org,Individual wide war remember how focus personal less section defense truth current old green.,Complaint,Negative,High,Escalate to Manager,Resolved,Ali,2025-12-06 02:58:11.983720
632,Tina Vasquez,harrisruth@example.net,Me agency that price tree expert senior seat above school meeting hotel today radio onto recent common adult today of administration upon hit.,Refund,Negative,High,Forward to Refund Team,Resolved,David,2026-06-08 10:10:07.350306
633,Rachel Ramos,christopherhouston@example.com,Moment situation guess inside trial might sign security occur he pay science.,Technical Support,Neutral,High,Assign Technical Engineer,Resolved,John,2026-05-14 19:37:39.034073
634,Erik Barrett,bsmith@example.org,Win various nature conference stand standard general explain guess oil believe seek hope whether behavior fund society.,Complaint,Negative,High,Escalate to Manager,Open,Emma,2025-10-16 14:45:24.787161
635,Melissa Gonzalez,cunninghamadriana@example.net,Look public investment window quality television within where not world radio add.,Billing,Neutral,Low,Forward to Billing,Open,Fatima,2026-01-04 06:23:02.659539
636,Edward Evans,mayashley@example.org,Blood event pass about agent manage lawyer admit morning evening they lose focus cold store lot institution site treat actually yard prove some.,Refund,Negative,Medium,Forward to Refund Team,Resolved,Ahmed,2026-06-26 23:34:17.979821
637,Caitlin Jones,woodgregory@example.org,Everyone machine mouth baby in walk thank if all fear suggest manager money above several car improve their ask music nice.,Order,Negative,Low,Order Team,Resolved,David,2025-11-14 07:27:53.860521
638,Nancy Perkins MD,jessicaboyd@example.com,Military effect house speak team agreement cost land bad resource success loss several hear speak at pattern move house find at land site.,Complaint,Negative,High,Escalate to Manager,In Progress,David,2026-03-26 12:12:33.522720
639,Marisa Perry,mary20@example.com,Among opportunity prevent become hotel national development manage still picture.,Sales,Positive,Medium,Forward to Sales,Resolved,John,2025-09-27 10:41:16.626819
640,Keith Douglas,moorecaleb@example.net,South five game event open us whatever yard stay star clearly store culture difficult wear get history have focus medical away.,Refund,Negative,Medium,Forward to Refund Team,Resolved,Ali,2025-12-21 22:49:15.654461
641,James Macias,jennifer95@example.com,Lot agreement history their save letter along mean wrong again notice.,Complaint,Negative,High,Escalate to Manager,Resolved,Ali,2026-01-09 07:36:12.825511
642,Michael Garcia,johnsonsarah@example.org,Paper want experience customer small light fear city while material key ok sit doctor them kitchen soon away.,Order,Negative,Low,Order Team,Resolved,John,2025-12-29 07:41:16.641846
643,Cody Shaw,washingtonlaura@example.net,Trip song science than network move stock people job beat try small central worker million process song provide them term fall minute money.,Complaint,Negative,High,Escalate to Manager,Resolved,Fatima,2025-11-03 16:03:57.141303
644,Grace Mullins,gary33@example.org,Who reason task sit central organization parent various join threat sing trade character his production civil four across article though investment step.,Complaint,Negative,High,Escalate to Manager,Open,Fatima,2025-10-21 22:34:37.604897
645,Terri Hickman,beverly68@example.org,Interview white cell future really direction look paper worker study resource current bad increase benefit pressure treat identify knowledge Mr music certain.,Billing,Negative,Medium,Forward to Billing,Resolved,John,2025-08-29 03:08:48.262662
646,Rebecca Ali DDS,dconway@example.org,Hotel design federal establish produce machine himself official system view benefit career investment future.,Complaint,Negative,High,Escalate to Manager,In Progress,John,2025-11-12 17:20:23.032107
647,John Green,fevans@example.org,Run like policy woman deep style usually wind responsibility upon group building then on also perform inside fly a serious affect professional.,Refund,Negative,Medium,Forward to Refund Team,Open,John,2025-10-14 03:56:03.860151
648,Michael Hamilton,smurphy@example.org,Lay election front beautiful heart scientist understand provide choice until floor should us get.,Billing,Negative,Low,Forward to Billing,Resolved,Ali,2026-01-03 05:22:33.281281
649,Christine Sanchez,turnerwilliam@example.net,Develop why leg face same other training dark risk wind view enter point Mr left age.,Complaint,Negative,High,Escalate to Manager,Resolved,John,2025-12-03 10:43:06.240579
650,Thomas Sims,lopezerica@example.com,Certainly seven argue decision the view health receive leader while three produce several major style appear media beautiful.,Complaint,Negative,High,Escalate to Manager,In Progress,Michael,2026-07-04 02:09:57.899843
651,Austin Davis,justin32@example.com,Pick imagine system someone improve herself stock song forward man member I natural concern create music describe include everybody whatever senior his.,Order,Neutral,Low,Order Team,Open,Emma,2025-10-30 23:09:00.415791
652,Anthony Padilla,lori94@example.com,Why former agent discuss our local across onto concern left tend peace hard travel member event professional should him.,Complaint,Negative,High,Escalate to Manager,Resolved,Ali,2025-10-08 01:16:22.603776
653,Vincent Brown,yrice@example.com,Member win woman forget quite of cup national they factor to store save pull reason work drug especially head piece to on star question.,Billing,Neutral,Low,Forward to Billing,Resolved,John,2025-12-06 05:14:45.277719
654,James Sims,mayerdaniel@example.com,Hour issue score church research old under because have fish thought food notice husband they teach learn campaign test case development from his color.,Complaint,Negative,High,Escalate to Manager,Resolved,David,2025-12-15 00:07:57.408397
655,Nicholas Greer,tdecker@example.net,Light though there indicate body alone nice risk lose visit town nothing three success home teacher example.,Sales,Positive,Medium,Forward to Sales,Resolved,Fatima,2026-06-03 03:53:23.869950
656,Diane Burnett,michelle90@example.com,Myself quite hope gas medical name deal room sell great be trip sense.,Sales,Positive,Low,Forward to Sales,Resolved,John,2025-12-09 13:40:54.279064
657,Nicholas Cox,patriciafisher@example.org,Rich eight edge including bar sign develop right century child especially realize sort difficult room magazine.,Sales,Positive,Low,Forward to Sales,Resolved,Emma,2026-01-15 08:43:21.628976
658,Richard Small,tabithagoodwin@example.net,Industry former agree hair economy teach him available hotel piece campaign whether point goal environmental interesting chance clearly.,Sales,Positive,Medium,Forward to Sales,Resolved,Michael,2026-05-03 23:42:43.728033
659,William Norman,markharding@example.net,Hour everyone audience season fact management discover value support analysis score.,Sales,Positive,Medium,Forward to Sales,Resolved,David,2026-02-19 16:37:34.467880
660,Kathleen Harvey,wrightemily@example.com,Police state decade much team after product scientist quality cover rise American identify owner executive white huge once quite door conference common over.,Billing,Neutral,Medium,Forward to Billing,Resolved,John,2026-05-19 18:39:50.738986
661,Deborah Diaz,wendymaldonado@example.com,Recent single action relationship and money like east response dark base hour course return hospital.,Order,Negative,Low,Order Team,Open,Ali,2026-06-29 06:09:56.731312
662,Charles Jones,jacksoncruz@example.net,Environment trade expect hundred artist try before often democratic know ok what head interesting home.,Order,Neutral,Low,Order Team,Open,David,2026-06-17 16:52:12.618603
663,Mary Cortez,michaellozano@example.net,Study cut institution necessary participant public beautiful could raise culture reality but sort message blood will science letter fact fall game his.,Refund,Negative,Medium,Forward to Refund Team,Open,David,2026-05-23 04:02:36.711450
664,Eric Clark,shernandez@example.com,Film technology positive citizen positive president somebody nature relationship attack myself nature modern democratic now baby.,Sales,Positive,Low,Forward to Sales,Resolved,Michael,2025-11-12 17:15:18.443255
665,Emily Gomez,iharrison@example.org,Successful number street fire these probably research behavior happen improve us such but the as stock street left parent food music century TV fill.,Refund,Negative,High,Forward to Refund Team,Open,David,2025-11-12 02:49:53.835325
666,Tina Lopez,justin33@example.com,Think star turn market do particular campaign style factor human machine high money process we morning myself quite manager use from wait president put.,Order,Negative,Medium,Order Team,Resolved,John,2026-06-22 04:14:21.500590
667,Roger Davenport,pwright@example.org,Choose several maintain sister brother discuss when possible door indicate story.,Complaint,Negative,High,Escalate to Manager,Resolved,Fatima,2025-10-06 09:44:50.804410
668,Susan Haley,shanecollier@example.net,Yes identify maintain could factor pull reach woman day race friend modern increase boy.,Complaint,Negative,High,Escalate to Manager,Open,John,2026-02-20 12:14:08.652615
669,Casey Clark,fcastro@example.org,Age any control just guy weight though owner color sister public along much address recognize within part information common camera way central.,Technical Support,Negative,High,Assign Technical Engineer,In Progress,John,2025-11-29 01:19:29.704274
670,Kristina Miller,jennarussell@example.net,Walk smile treatment you enter them identify themselves moment pull wrong realize born development movement always none general job drug line through tree.,Order,Neutral,Medium,Order Team,Open,Michael,2026-02-06 00:42:35.610005
671,Billy Henry,josephreyes@example.com,Across no film certainly save because million where drive news add store.,General Inquiry,Neutral,Low,Customer Support,Resolved,Ali,2025-10-31 14:45:09.220686
672,Nicholas Ellis,richard62@example.org,Everyone structure really product whatever thus letter song mouth this shake question indeed general couple song beyond trouble.,Sales,Positive,Low,Forward to Sales,Resolved,Sarah,2026-04-30 14:32:47.593339
673,Sharon Scott,michaelblair@example.net,Hear coach buy enjoy country require turn across on production hour again focus leader agent development it.,Technical Support,Negative,High,Assign Technical Engineer,In Progress,Ali,2025-08-16 00:28:08.651205
674,Rebecca Brown,jason02@example.com,Church find front or seven teacher simply concern floor recently after democratic hit scientist step major value really similar other network soldier administration.,Sales,Positive,Medium,Forward to Sales,Resolved,John,2025-09-02 02:05:28.569506
675,Joshua Marshall,gharris@example.com,Generation fight ground wind keep glass art drop to later.,Refund,Negative,Medium,Forward to Refund Team,Open,Michael,2025-10-07 12:43:19.216200
676,Mariah Thomas,birdsamantha@example.org,Leg teacher word business sea yeah into treatment long open community book economy me artist run here hope fine number lead.,Technical Support,Neutral,High,Assign Technical Engineer,Resolved,David,2025-10-09 03:48:09.998101
677,Michael Roberts,juliawalker@example.com,Another notice central foreign toward fire like already institution also effort by radio down do maybe reflect rock maybe nation interest opportunity window.,Refund,Negative,Medium,Forward to Refund Team,Resolved,Michael,2025-08-11 18:38:57.323559
678,Crystal Jacobs,diana75@example.net,Indicate chance wind have institution decade last site push affect door anything need population care Congress kitchen first pay follow consumer also.,Complaint,Negative,High,Escalate to Manager,Open,Emma,2025-09-17 02:42:27.512347
679,Henry Garza,brian99@example.net,Today military see hand staff success allow war step project return need apply media when activity who what very.,Complaint,Negative,High,Escalate to Manager,Resolved,Sarah,2026-04-08 11:56:47.710166
680,Amy Marshall,charlescarson@example.org,Prevent item article see stand free control experience even help entire run region writer.,Billing,Negative,Medium,Forward to Billing,Open,David,2026-02-11 12:51:03.828802
681,Alexander Johnson,gbradley@example.com,Point find serious service political probably better difference nearly sense represent play campaign family.,Complaint,Negative,High,Escalate to Manager,Resolved,Sarah,2025-09-06 17:44:49.392914
682,Patricia Jimenez,whitenicolas@example.org,Whether material shoulder poor thousand debate everything management firm food.,Order,Negative,Low,Order Team,Open,John,2026-07-02 22:53:23.491385
683,Michael Morris,chill@example.net,Positive bed learn add opportunity might kind evening scientist officer today analysis someone development agreement born themselves suddenly speak.,Sales,Positive,Low,Forward to Sales,Resolved,Sarah,2026-03-15 11:07:23.895364
684,James Lee,davidjennings@example.net,They thank force place large style with suggest million guess blood ahead professor offer after Democrat force avoid hospital.,Complaint,Negative,Medium,Escalate to Manager,In Progress,Ahmed,2025-11-16 16:24:26.778348
685,Sheila Pitts,bryangomez@example.net,Choice no role southern institution natural price nearly chance total leader road fact reflect push power explain whom hospital.,Technical Support,Negative,Medium,Assign Technical Engineer,In Progress,David,2026-07-06 15:12:02.360564
686,Todd Smith,david69@example.com,Since little less expert year medical fact fine measure air certainly increase relate subject remain go soldier begin.,Refund,Negative,Medium,Forward to Refund Team,Resolved,Ali,2026-06-28 09:54:10.531053
687,Sean Howard,davishunter@example.net,Fly set myself box interesting PM raise sea officer run her work.,Billing,Neutral,Low,Forward to Billing,Open,Michael,2025-08-21 07:10:47.537031
688,Peter Wilson,amanda86@example.org,Bill security clear decision mind purpose if tonight power as television for.,General Inquiry,Neutral,Low,Customer Support,Resolved,Ali,2026-03-22 06:46:53.012752
689,Matthew Mccoy,garcianancy@example.com,Ready record watch vote fill really without into yard adult law sell ability money social middle ready expect collection any almost just ask stock.,Order,Neutral,Medium,Order Team,Resolved,Sarah,2026-01-10 21:13:14.092203
690,Laura Barrett,ibaker@example.org,President TV employee he off trial common there course consumer yeah seem deal stop sense almost program.,Complaint,Negative,High,Escalate to Manager,In Progress,Ali,2026-03-11 03:53:27.462105
691,Amber Hughes,richardlyons@example.org,Wide soldier more play clear owner medical ask dark machine and sit executive station way away itself quite study.,Complaint,Negative,High,Escalate to Manager,In Progress,John,2025-09-22 22:52:14.846768
692,Michelle Wheeler,watsonjillian@example.org,Make ball always suggest medical stop have able man family history child and strategy federal watch development eat cover suffer.,Complaint,Negative,Medium,Escalate to Manager,Open,John,2025-08-27 20:52:38.851960
693,Courtney Reed,jonesfrank@example.org,Blue maintain fear head hour always degree various late new bag certainly process guess push yes song center quite successful hot space.,Sales,Positive,Low,Forward to Sales,Resolved,Sarah,2025-09-10 16:46:52.280796
694,Jonathan Harris,mark68@example.org,Behavior lead easy discuss protect mother live wish family vote machine pass most drive animal shoulder wish feel look moment character education everything.,Complaint,Negative,High,Escalate to Manager,In Progress,Emma,2026-07-15 01:47:00.048606
695,Katherine Henderson,frank46@example.com,Door six how interview learn plant must worker actually discover bring.,Refund,Negative,Medium,Forward to Refund Team,Open,Sarah,2025-10-14 11:38:42.947603
696,Wendy Ramirez,kperry@example.com,Seek list area purpose lawyer risk who woman treat international until dog.,Billing,Negative,Medium,Forward to Billing,Resolved,Ahmed,2025-08-20 18:42:09.474315
697,Russell Turner,nicolebrooks@example.net,Personal fast stuff paper set water week partner game take newspaper within interest relationship.,Refund,Negative,Medium,Forward to Refund Team,Resolved,Fatima,2026-05-10 22:31:07.244660
698,Kristopher Williams,smithtony@example.net,Would mother another professor economic capital situation interview budget local investment fine nor significant cold cut rather.,Sales,Positive,Low,Forward to Sales,Resolved,Sarah,2026-01-07 11:21:10.891292
699,Mary Baker,croberts@example.org,Perform prove begin nearly police same himself personal security push its drive.,General Inquiry,Neutral,Low,Customer Support,Resolved,Sarah,2025-09-13 04:46:55.991818
700,Robert Mullins,gregory85@example.net,Spring why method night can least despite trial nothing remain wear responsibility paper city very store soon fast ever easy.,Order,Neutral,Low,Order Team,Resolved,Michael,2025-10-26 05:15:32.598133
701,Charles Guzman,debra59@example.org,Camera visit camera return alone your beyond less buy yet put east compare than candidate sometimes worry.,Sales,Positive,Medium,Forward to Sales,Resolved,Fatima,2026-06-17 14:03:59.341306
702,Christopher Barnes,michaelsimmons@example.com,Person party current challenge head image quite learn us card view attention move matter same paper only necessary agent arm property thing a.,Technical Support,Negative,High,Assign Technical Engineer,Resolved,David,2025-08-18 17:38:58.355091
703,Raymond Avery,angelarodriguez@example.com,Mean compare model how baby evidence role less space help itself else pattern serious.,Complaint,Negative,Medium,Escalate to Manager,In Progress,Michael,2026-03-28 16:33:51.189771
704,Kathryn Cruz,ifranklin@example.net,Region sometimes finally recognize good already certainly structure sister focus truth himself.,Sales,Positive,Low,Forward to Sales,Resolved,Fatima,2026-06-28 05:02:25.929870
705,Mark Miller,charles51@example.org,Real all true offer quality fire weight help describe trouble third woman program fund true remember full billion generation.,Refund,Negative,Medium,Forward to Refund Team,Open,Sarah,2026-02-09 21:22:38.145530
706,William Davis,osborncynthia@example.org,Whose key sit speech suddenly such almost knowledge without instead area.,Order,Neutral,Low,Order Team,Open,David,2026-01-31 19:53:08.780023
707,James Burgess,zunigaderrick@example.net,Something avoid woman state similar real operation protect against become impact care rich support trade economic economic loss even baby.,Refund,Negative,Medium,Forward to Refund Team,Open,David,2025-10-13 08:24:08.908954
708,Joshua James,johnsonstacy@example.org,Watch theory within science itself cultural hotel country they pass serve meet.,Complaint,Negative,High,Escalate to Manager,In Progress,David,2026-07-12 18:58:50.441317
709,Michael Willis,dennisbailey@example.net,I great main trouble race media simply her yard to company protect tree make last staff player look pay skill member.,Complaint,Negative,Medium,Escalate to Manager,Open,Fatima,2026-04-12 08:57:15.115139
710,Shane Wang,baileycarolyn@example.net,Cell hit number then room PM book president child give top green drive make suddenly student situation official bank money choice husband six.,Sales,Positive,Medium,Forward to Sales,Resolved,Fatima,2025-10-30 00:09:59.551167
711,Matthew Daniel,robertsmith@example.net,Allow certain young name southern myself glass business whole meeting economic miss.,Sales,Positive,Medium,Forward to Sales,Resolved,Ali,2025-11-13 09:57:35.786539
712,Thomas Garcia,dgarcia@example.org,Begin apply with choice training road find main face commercial employee economic mother often player TV hear international choice stand.,Complaint,Negative,Medium,Escalate to Manager,Open,Ali,2026-03-16 09:24:48.508121
713,Angel Carter,cruzkevin@example.net,Else board war data political benefit method pressure specific store nature activity among spring us onto.,Technical Support,Neutral,Medium,Assign Technical Engineer,In Progress,David,2026-07-28 01:14:36.165807
714,Donna Johnson,qevans@example.net,Certain turn debate leave attack young your test son in foreign cup perhaps major tell performance pass.,Sales,Positive,Medium,Forward to Sales,Resolved,Ali,2026-06-14 22:15:32.671706
715,Christian Freeman,jalvarado@example.com,Sister look position enough treat final particular learn artist today bring wife wind sing entire big opportunity later news defense professional sea role around land.,Sales,Positive,Low,Forward to Sales,Resolved,Ali,2025-08-28 05:11:30.116184
716,Amy Randolph,russellmichael@example.net,Professor work community effect because couple event trip fast specific project tough high unit chair allow practice.,Complaint,Negative,Medium,Escalate to Manager,In Progress,Emma,2025-11-15 10:13:15.624520
717,Elizabeth Barnes,whitneygould@example.com,Information all area probably fine bring media little dark spend.,Complaint,Negative,High,Escalate to Manager,Resolved,Ahmed,2025-10-15 15:48:01.906858
718,Cynthia Hansen,kfox@example.org,Health president enjoy reason little good final none author price value vote research option they sport including seem.,Complaint,Negative,Medium,Escalate to Manager,Open,Ali,2025-11-29 07:23:24.565581
719,Tina Ray,nguyendarius@example.com,Have receive treat worry the reason become argue operation leg onto picture hand treat white argue during white successful stuff join leader station.,Complaint,Negative,Medium,Escalate to Manager,Resolved,Emma,2025-08-11 06:03:11.947026
720,Steven Lucero,amanda41@example.net,Share still break seek give beautiful word many child modern strategy suffer may their could rich result institution high room whom goal need.,Refund,Negative,Medium,Forward to Refund Team,Open,John,2026-03-15 08:46:09.625915
721,Chris Carpenter,geoffrey94@example.org,Weight number major thing agency control lawyer treatment just someone daughter down every wall know.,General Inquiry,Neutral,Low,Customer Support,Resolved,Emma,2026-07-31 01:34:40.403371
722,Ryan Hopkins,richardprice@example.net,Child compare born senior perhaps still any year professional front allow able contain indicate nature arm nearly.,Sales,Positive,Medium,Forward to Sales,Resolved,Fatima,2026-07-20 10:37:54.996381
723,Juan Bradley,nancy74@example.net,Fast age return vote in concern bring building artist personal perhaps indeed push new action seat true arm plant.,Complaint,Negative,High,Escalate to Manager,Open,John,2025-12-02 09:35:40.039644
724,Christine Stevens,sean30@example.org,Writer they message effect us want rather fill participant music thank place fine environment artist half baby yet agent use.,Billing,Neutral,Low,Forward to Billing,Open,Michael,2026-02-19 11:05:16.621151
725,Casey Robinson,smithdavid@example.com,Party pull according sure rise management meet Mrs listen moment window street likely.,Sales,Positive,Medium,Forward to Sales,Resolved,Ali,2026-02-22 06:12:29.618527
726,Taylor Harris,jessicajones@example.net,There discuss learn floor month could between kind experience stuff officer enter night front agree according under miss.,Refund,Negative,High,Forward to Refund Team,Open,Emma,2026-06-18 14:18:44.716517
727,Mandy Wallace,lkeith@example.org,Increase off memory share contain road name instead never car support add radio seem set ago glass property activity exactly energy return wrong.,General Inquiry,Neutral,Low,Customer Support,Resolved,John,2026-03-27 15:47:31.036501
728,Danielle Richardson,hwilliams@example.net,Trouble matter clear drug apply join type product know of little yeah really.,Complaint,Negative,High,Escalate to Manager,In Progress,Emma,2026-05-03 12:52:42.973174
729,Anita Bell,hayers@example.org,Everything bed stuff leader imagine past position wind crime allow Congress network medical.,Complaint,Negative,Medium,Escalate to Manager,Open,Ali,2025-10-15 09:03:40.157216
730,Zachary Green,mrichardson@example.net,Conference center set minute wonder school natural break suggest memory heavy cell everything easy fall wife final nice staff energy run.,Complaint,Negative,High,Escalate to Manager,In Progress,Ahmed,2025-12-05 13:20:57.273714
731,Drew Mason,youngmelinda@example.net,Parent stop exist million would ok experience when later deal stand wall place sometimes professor force radio last face.,Refund,Negative,Medium,Forward to Refund Team,Resolved,Sarah,2026-01-13 06:44:33.622698
732,Samuel Hill MD,samuel06@example.org,Have grow list party out year event same kitchen company loss fall west notice hear war treatment power account billion chance prove manage candidate how.,Sales,Positive,Low,Forward to Sales,Resolved,John,2026-02-25 21:56:44.722420
733,James Randall,gina05@example.com,Consumer tax understand buy stage level class together field ability similar lead.,Complaint,Negative,Medium,Escalate to Manager,In Progress,Fatima,2026-04-10 18:25:07.197316
734,Donna Davidson,stephaniegibbs@example.com,Third painting three quickly subject pull day eight difference week blood themselves high.,Refund,Negative,Medium,Forward to Refund Team,Resolved,Ali,2026-05-17 18:44:27.296738
735,Mandy Gonzales,brownjeffrey@example.net,Should remain save either check land religious scene authority baby present none push administration sign write she between place.,Order,Negative,Medium,Order Team,Resolved,Emma,2025-10-11 16:24:48.821532
736,Wendy Leonard,brownterri@example.net,Three exactly begin father camera race particular house road interesting write.,Billing,Neutral,Medium,Forward to Billing,Open,Emma,2026-05-29 06:21:27.158616
737,Sarah Valdez,kathleen89@example.net,Beat raise view time subject rise evidence watch style way within official identify join there significant without.,Complaint,Negative,High,Escalate to Manager,In Progress,Ali,2026-06-17 09:24:32.545496
738,Jacob Shaffer DDS,johnsontimothy@example.org,Better country society kid door give nearly forget everything matter wife tend someone exactly clearly writer blue clear when late nearly hold American.,Complaint,Negative,High,Escalate to Manager,In Progress,Ali,2026-02-03 14:14:30.490233
739,David Kennedy,alexis85@example.org,Actually moment study also spend whatever change do executive between high anything until because carry remain him site debate box pretty five early indicate.,Refund,Negative,High,Forward to Refund Team,Resolved,Ali,2025-11-09 20:54:52.385117
740,Frances Perez,dthomas@example.net,Six people politics computer view south energy maybe style process away reach over certain carry color fund ten clearly about employee total southern.,Complaint,Negative,Medium,Escalate to Manager,Resolved,Michael,2026-02-08 14:54:38.171322
741,Charles Ruiz,lindseykoch@example.net,Skill artist also draw happen good though own campaign amount politics yet federal dinner.,Sales,Positive,Medium,Forward to Sales,Resolved,Ahmed,2025-08-08 01:23:40.524738
742,Christopher Carter,sandra88@example.org,Among nation knowledge third compare body moment the goal despite line pattern everybody.,General Inquiry,Neutral,Low,Customer Support,Resolved,David,2026-03-02 20:38:27.118124
743,Timothy Lopez,sjennings@example.com,Low about item form usually go budget assume concern article enjoy.,Complaint,Negative,Medium,Escalate to Manager,Resolved,Fatima,2025-09-19 04:04:59.597537
744,Rachel Little,christophershort@example.com,Hundred each network possible agreement win still pay another American industry inside human save according process.,Order,Neutral,Low,Order Team,Open,Sarah,2026-02-20 04:06:28.460902
745,Chelsea Taylor,amber68@example.com,Pressure room office word and theory result Democrat heavy artist level adult with prove campaign somebody.,Sales,Positive,Low,Forward to Sales,Resolved,Ali,2026-05-09 03:54:07.234815
746,Angela Vega,timothysmith@example.org,Action employee rock require summer visit tax range American close three alone country president idea eye expect which buy with decide.,General Inquiry,Neutral,Low,Customer Support,Resolved,Fatima,2026-03-21 00:02:42.970148
747,Tabitha Pearson,alilindsay@example.org,Sense word debate manager child make he half cup offer.,Sales,Positive,Medium,Forward to Sales,Resolved,Emma,2026-06-08 11:19:30.095093
748,Carla Cohen,larrygarza@example.org,Situation report level beat girl would choose another itself agent later former.,Sales,Positive,Low,Forward to Sales,Resolved,Ahmed,2026-05-03 19:53:23.138240
749,Charles Hart,william04@example.com,Start history consider choose federal above too effort rest word company throw fast include line budget foot color agent take doctor fact.,Technical Support,Negative,High,Assign Technical Engineer,In Progress,Fatima,2025-10-22 08:44:47.285965
750,Robert Berry,yyork@example.net,Back staff us cell perform discussion general education while building through mother capital last.,Technical Support,Neutral,High,Assign Technical Engineer,Resolved,Ahmed,2025-11-24 09:25:29.658721
751,Jorge Higgins,tinaodom@example.org,Life investment bank drug deep father explain cause firm stay use four player itself away program action recognize his challenge ability campaign.,Order,Neutral,Low,Order Team,Resolved,Ahmed,2026-01-25 23:40:40.265572
752,Michael Wilkins,erik22@example.com,Anything would focus dark air not institution network fight catch easy there foot effort daughter.,Technical Support,Negative,High,Assign Technical Engineer,Resolved,Ahmed,2025-12-03 09:22:53.313645
753,Susan Dillon,rodney46@example.org,Into even skill account deal family political size structure read together win heart TV just.,Sales,Positive,Medium,Forward to Sales,Resolved,Ali,2026-02-18 01:37:32.316279
754,Dr. Megan Montgomery,taylor50@example.com,To nearly ok minute page side heart nature sure debate later image artist back report white option these effect any leave public.,Order,Neutral,Medium,Order Team,Open,Sarah,2025-08-28 03:09:56.226000
755,Erica Burgess,ashleyortiz@example.org,Capital treatment hair find argue town green trial and better.,Technical Support,Negative,Medium,Assign Technical Engineer,Resolved,Ahmed,2026-03-25 05:32:06.703630
756,John Reynolds,pettymary@example.com,Seven age system contain future talk strategy nearly machine what peace.,Refund,Negative,Medium,Forward to Refund Team,Resolved,Emma,2026-06-17 08:23:09.615673
757,Cathy Franklin,maynardtammy@example.org,Vote walk future or actually plan traditional their modern about fall whether why particular we message culture final.,Complaint,Negative,High,Escalate to Manager,Open,Ali,2025-09-05 11:29:06.615630
758,Steven Howard,thomascastro@example.com,Discuss young work see part organization prove stuff administration across near hear.,Complaint,Negative,Medium,Escalate to Manager,Resolved,Ali,2026-03-05 16:52:54.958246
759,Holly Williams,jameshuynh@example.net,Character analysis pattern size bar cost address summer heavy available public language wide production look since way.,Sales,Positive,Medium,Forward to Sales,Resolved,Fatima,2025-10-22 10:42:47.210056
760,John Ali,jennageorge@example.org,Stuff now account high mother discover throughout tax network place often social maintain act listen education performance woman.,Complaint,Negative,High,Escalate to Manager,In Progress,Ali,2025-09-08 20:50:50.008141
761,Shannon Brewer,taylorvega@example.org,Knowledge example cut PM several the light relate risk worry explain community.,Billing,Negative,Medium,Forward to Billing,Resolved,Michael,2026-04-18 17:14:37.607771
762,Ronald Baldwin,emily95@example.org,Brother operation determine heart property dream majority turn truth position more just dinner they.,Order,Neutral,Low,Order Team,Resolved,John,2026-01-06 23:25:36.622743
763,Erik Perkins,whitejames@example.com,Number professional decision guess group maintain newspaper sound back political movie he toward among issue dark field involve.,Order,Negative,Medium,Order Team,Resolved,Ahmed,2026-06-09 09:15:06.515358
764,Karen Jones,michele65@example.org,Knowledge seek expect television once this west fish plan great middle.,Sales,Positive,Medium,Forward to Sales,Resolved,John,2026-06-01 23:01:26.369660
765,Rodney Murray,dennis02@example.org,Lose sometimes foot large high product feeling when rate of wish indeed nation free.,General Inquiry,Neutral,Low,Customer Support,Resolved,Ahmed,2026-06-06 17:12:52.501327
766,Stephen Foley,kylie24@example.com,Opportunity result interview fear make three big party piece different change today late moment eight race.,Complaint,Negative,Medium,Escalate to Manager,Resolved,John,2025-12-08 19:52:35.673335
767,Brent Nichols,matthewchristian@example.com,Support order thought particularly ask positive always everything fill study anything start watch study set town meet special later those of debate war decision rise.,Refund,Negative,Medium,Forward to Refund Team,Open,Sarah,2026-04-23 23:42:55.078320
768,Timothy Clark,zwu@example.com,From finish audience best yeah campaign involve important receive minute serve provide agree hundred thousand wrong at fund its instead you those.,Sales,Positive,Low,Forward to Sales,Resolved,Emma,2025-09-11 12:19:41.024745
769,Angela Cooper,christinathomas@example.com,Reflect help health old attention mind place describe well nearly name evening student eye people student ask.,Technical Support,Negative,Medium,Assign Technical Engineer,In Progress,Emma,2026-02-17 02:53:27.323982
770,Susan Cook,lchase@example.org,Half specific gas opportunity take page oil his property if.,Complaint,Negative,Medium,Escalate to Manager,Open,Ahmed,2025-09-15 15:48:25.996077
771,Elizabeth Horton,pbrown@example.com,Professional simply change area kitchen information ability special pull article time cause girl arm want degree police health camera together.,Complaint,Negative,Medium,Escalate to Manager,Open,David,2025-08-05 19:56:49.838054
772,Aimee Collier,estevenson@example.org,Project them late use sure source position cost try north activity allow.,Complaint,Negative,High,Escalate to Manager,In Progress,David,2025-10-12 00:37:58.735008
773,Heather Perez,zbaldwin@example.com,Hard make since radio matter firm method account sister grow story.,Complaint,Negative,High,Escalate to Manager,Resolved,Ahmed,2025-08-04 15:02:32.115518
774,Brianna Little,sberger@example.com,Firm simple science enjoy walk within become improve space tell tax wish single likely challenge move hold situation rich coach.,Complaint,Negative,Medium,Escalate to Manager,In Progress,David,2026-07-06 00:39:02.701541
775,Larry Johnson,smithwilliam@example.net,Step keep hit wonder decision outside direction idea report perhaps economy remain democratic large.,Complaint,Negative,Medium,Escalate to Manager,Open,Ali,2026-01-24 17:51:20.079498
776,Peter Hamilton,zramirez@example.com,Specific often pull forward participant every program cost first piece church I kid.,Complaint,Negative,Medium,Escalate to Manager,In Progress,Fatima,2026-02-10 00:24:59.847147
777,Frank Travis,sara14@example.com,Fill popular night east meet spring push military same computer agent heart truth inside cost sense college serve.,Refund,Negative,High,Forward to Refund Team,Open,David,2026-01-11 21:17:29.387725
778,Allison Garcia,aaroncooper@example.org,Break sort recognize matter soon open defense detail coach computer education stand leg lose answer eye discussion word research current feeling camera hot money.,Sales,Positive,Medium,Forward to Sales,Resolved,Sarah,2026-05-19 11:40:53.087952
779,Tammy Conrad MD,zallison@example.net,Them compare none PM spring how player result level store measure.,Complaint,Negative,Medium,Escalate to Manager,In Progress,Fatima,2025-08-12 21:34:32.096603
780,Mr. Chris Perez,dthompson@example.org,Back surface arrive free majority relationship key again stop thousand energy national represent total would black industry agree enough.,Technical Support,Negative,Medium,Assign Technical Engineer,In Progress,Michael,2026-05-17 11:13:24.630924
781,Elizabeth Caldwell,courtney47@example.com,National fire southern relate simple million measure thank professor themselves religious future age safe final suddenly business able prepare visit.,Complaint,Negative,Medium,Escalate to Manager,Open,Michael,2026-07-24 11:44:11.973054
782,Kaitlyn Mitchell,patricia15@example.com,Work PM state city environment young skill part either yourself past newspaper accept business.,Sales,Positive,Medium,Forward to Sales,Resolved,David,2025-11-23 22:04:09.622403
783,Mary Brooks,goldenadam@example.org,Top free nation red section main we hair report fish person company value.,Complaint,Negative,High,Escalate to Manager,In Progress,Sarah,2026-06-03 18:59:56.765950
784,Michelle Munoz,marilynedwards@example.com,Difference else base employee oil best mention win interview doctor especially somebody gun exactly agent room later business material around father certainly fill lose new.,Order,Negative,Low,Order Team,Open,John,2025-12-17 00:43:06.884371
785,Mary Duncan,tjohnson@example.com,Almost worker there positive great others record visit reality low his feel.,Refund,Negative,High,Forward to Refund Team,Open,John,2025-08-31 14:48:43.462171
786,Nathan Martin,reyeseric@example.com,Quickly subject plan peace early center could prepare reason suggest much group kitchen together natural amount interesting participant similar its majority.,Billing,Neutral,Medium,Forward to Billing,Resolved,Michael,2025-12-18 02:10:53.476561
787,Jessica Shea,kramermadison@example.net,Interview reality large against pay glass fly movement second at toward herself really need deal build successful set develop.,Billing,Neutral,Medium,Forward to Billing,Open,Emma,2026-01-17 15:22:25.680222
788,Emily Soto,mendezjohn@example.net,Suddenly rise require society strong accept stock yourself worker change return argue receive whatever each kitchen lead somebody feeling point live whatever usually lose.,Sales,Positive,Low,Forward to Sales,Resolved,David,2026-02-27 23:52:05.529115
789,Mr. Robert Walker,katrinabryant@example.net,Involve rate could identify type knowledge especially day trial give together thus reach how energy top.,Complaint,Negative,High,Escalate to Manager,Resolved,John,2025-11-05 18:50:34.877765
790,Nancy Holmes,russelldavis@example.net,Half deep north tax only involve summer board college medical Congress thus tell bank Mrs government ask red suggest board keep phone product test hope.,Refund,Negative,High,Forward to Refund Team,Open,Emma,2026-07-28 16:11:27.656654
791,Susan Hall,christopherhart@example.org,Minute space break amount woman stay factor improve listen million middle dream international.,Sales,Positive,Low,Forward to Sales,Resolved,David,2025-08-28 00:15:13.293874
792,Olivia Ramirez,tannerrhonda@example.org,Our everything guy general friend home want chair family hand option detail member.,Complaint,Negative,High,Escalate to Manager,In Progress,Emma,2026-03-29 00:30:52.088026
793,Alan Sanchez,robinsoncynthia@example.com,Training exactly anything have senior compare need take control build where imagine cover onto.,Order,Negative,Medium,Order Team,Resolved,Ahmed,2025-10-09 04:31:37.486606
794,Alan Williams,rebecca09@example.com,Way suddenly no reveal military stuff today center himself concern sort face everybody course cultural thousand official customer about someone do learn.,Order,Neutral,Medium,Order Team,Resolved,Michael,2025-10-13 11:26:11.065687
795,Lisa Cooper,fbailey@example.com,Night grow actually light across sea against anyone keep nearly mother feel power.,Billing,Negative,Medium,Forward to Billing,Open,David,2026-01-23 09:07:44.877404
796,Nathaniel Johnson,anita69@example.org,Key nor yard hundred well measure up west number well stuff suffer indeed imagine network by.,General Inquiry,Neutral,Low,Customer Support,Resolved,Sarah,2025-10-10 13:49:17.448647
797,Mr. Jeffrey Hill,nealmelody@example.org,Model television property practice ready fact present country play sing result manage bit rate.,Order,Neutral,Low,Order Team,Open,Ahmed,2025-12-18 22:41:50.113012
798,Robert Velasquez,fieldstodd@example.net,Administration enter produce last camera use drop street if try material lay hospital new bit watch art my area.,Complaint,Negative,Medium,Escalate to Manager,Open,Ahmed,2025-08-19 19:38:05.729061
799,Katie Mason,gonzalezchelsea@example.net,Along fill everything indicate politics word himself seven claim score than music fine home whose cup case sense voice offer last subject theory better.,Sales,Positive,Low,Forward to Sales,Resolved,Michael,2025-08-28 23:44:41.561533
800,Cristina Romero,klinerobert@example.org,Program compare hope then close call Congress age at year my response.,Complaint,Negative,High,Escalate to Manager,Resolved,John,2026-08-01 06:40:21.936793
801,Linda Zavala,dawn03@example.net,Coach teach technology enjoy concern ability center of cultural author likely end later sister more big modern toward most product likely shoulder wait.,Order,Negative,Medium,Order Team,Resolved,David,2025-12-25 04:02:02.030101
802,Robin Garza,fprince@example.org,State them while development result woman often water pattern build place miss lead everybody.,Sales,Positive,Low,Forward to Sales,Resolved,Fatima,2026-03-30 13:35:55.794542
803,Alyssa Chambers,smithkathryn@example.org,Action citizen camera crime claim environmental right surface might church paper.,Complaint,Negative,High,Escalate to Manager,In Progress,Ali,2026-07-08 12:07:30.120215
804,Emily Vargas,heather20@example.org,Task identify ever manager with represent just because pretty later even their.,Complaint,Negative,High,Escalate to Manager,Open,Michael,2025-10-12 01:10:28.090216
805,Linda Roberts,tracy64@example.net,Relate clear million along school collection tax how look indicate collection me writer huge lot table be board population.,Billing,Neutral,Medium,Forward to Billing,Resolved,David,2026-04-26 01:54:29.334210
806,Elizabeth Reid,ijohnson@example.org,Else final guess result consider summer difference us attack continue of color direction life every staff record mind issue.,Billing,Neutral,Low,Forward to Billing,Resolved,Emma,2026-06-29 23:30:05.686730
807,Danielle Jensen,agibson@example.org,Treat good summer can easy would keep people technology plan own become whole exist current door thousand safe success present property.,Order,Neutral,Low,Order Team,Open,Ali,2026-07-14 07:46:16.393040
808,Taylor Patrick,ocollins@example.net,Walk carry article add audience less defense a involve case figure spend him look year.,Refund,Negative,Medium,Forward to Refund Team,Resolved,Ahmed,2026-04-14 01:30:35.035378
809,Chelsea Phelps,bfreeman@example.com,Resource order perhaps serve deal recent memory own across behavior benefit skin by there national know federal there mention.,Order,Neutral,Low,Order Team,Resolved,John,2026-06-10 15:10:10.009175
810,Jeffrey Wright,jonluna@example.com,Top feel lead result wide glass fund already lead nor once buy citizen receive professional.,Order,Negative,Low,Order Team,Open,Fatima,2026-02-21 03:51:35.446644
811,Jacob Bates,powerskatherine@example.com,Sign focus tend race wrong return home education western cultural executive hair your nice west despite far decision start yes.,Sales,Positive,Low,Forward to Sales,Resolved,Emma,2026-06-07 16:24:02.911673
812,Joel Wheeler,loganjoseph@example.net,National vote bar trouble democratic mention month Democrat meet though land brother day its sure none kid meeting.,Technical Support,Negative,High,Assign Technical Engineer,Resolved,Ali,2026-02-08 13:33:57.645968
813,Kristin Wagner,mpatton@example.net,She find family yes write itself well blood Republican skin arrive phone stand interest.,Order,Negative,Medium,Order Team,Open,John,2026-05-30 08:28:26.928546
814,Michael Howard,jaclyn08@example.org,Eight support budget perform specific top five spend every street blood leave out evening go past prepare entire space.,Refund,Negative,Medium,Forward to Refund Team,Resolved,Sarah,2025-11-26 20:32:34.940794
815,Terri Gibson,kevin55@example.org,Huge industry your pattern turn probably director particular out floor image program figure also find last order.,Billing,Negative,Medium,Forward to Billing,Resolved,Ahmed,2025-10-20 13:47:28.151239
816,Emily Mason,hgonzalez@example.net,Sense remain project no true full evidence democratic change want five voice smile door government.,Sales,Positive,Low,Forward to Sales,Resolved,Ahmed,2026-07-11 12:23:35.552788
817,Sarah Collier,ryan84@example.org,Close fast fear finally candidate reveal at place why baby management rate rest fill understand not ok maybe certain yourself bad leave beyond town.,Order,Negative,Low,Order Team,Open,Michael,2025-12-06 04:22:50.493985
818,Mr. George Sanchez,troypeterson@example.com,Left many film defense action information today well character since factor offer job issue opportunity place price we.,Order,Neutral,Low,Order Team,Resolved,Emma,2025-10-28 22:59:11.278548
819,Elizabeth Johnson,gregoryross@example.net,Recently hundred beyond actually citizen population four style watch network perhaps region book whether build professor wind find area southern.,Refund,Negative,Medium,Forward to Refund Team,Open,Emma,2026-06-11 01:56:45.379963
820,Christopher Grimes,uclark@example.com,Avoid organization act wide through because agency plant western also half it son because hospital likely get sure.,Sales,Positive,Medium,Forward to Sales,Resolved,John,2026-01-02 22:27:42.289425
821,Michelle Rodriguez,davidjones@example.net,Blue friend agent animal quality not miss half institution direction challenge according shoulder.,Billing,Negative,Low,Forward to Billing,Resolved,Ahmed,2025-08-04 03:28:28.628091
822,Amanda Lara,fnguyen@example.com,Method practice yes with its huge leg issue certain newspaper guess entire network three kid.,Complaint,Negative,High,Escalate to Manager,Resolved,Fatima,2025-12-29 03:20:32.793274
823,Amy Freeman,jessicalee@example.com,Respond finally after pay town society quite debate this from available what.,Technical Support,Negative,High,Assign Technical Engineer,Resolved,Michael,2026-05-14 07:40:08.115800
824,Olivia Spencer,pmartin@example.com,Yeah cup system section range agree never person first respond note rich I.,Technical Support,Neutral,High,Assign Technical Engineer,Resolved,Fatima,2026-03-20 17:24:23.391485
825,Lori Alexander,lbarrett@example.net,Style wait food of dinner letter who easy crime direction director.,Billing,Neutral,Medium,Forward to Billing,Open,Emma,2025-08-26 19:39:22.090120
826,Nicole Myers,lfleming@example.org,Likely right cell against rather they think themselves miss life able practice whatever ok.,General Inquiry,Neutral,Low,Customer Support,Resolved,Emma,2025-08-10 00:54:05.550871
827,Andrew Green,hjohnson@example.net,Itself door top protect treat set four dinner effect enough theory state sea make how when card father seem surface citizen phone action cost.,Refund,Negative,Medium,Forward to Refund Team,Open,Michael,2026-06-17 23:47:10.515272
828,Jason Schmitt,jessica10@example.org,Create now trip deep wonder many or perform four charge situation charge agency certain magazine arm foreign place point explain.,Complaint,Negative,Medium,Escalate to Manager,In Progress,David,2025-09-16 19:52:22.509831
829,Stephanie Dixon,george20@example.org,Sing employee focus seek space population about teacher pressure letter remember east simple cause stuff certainly pattern position science.,Sales,Positive,Medium,Forward to Sales,Resolved,John,2026-06-24 20:45:42.738054
830,Erik Wilcox,whitneyhudson@example.org,Push sit clear son care bit reflect security argue about my street week start thank painting activity try top.,Refund,Negative,Medium,Forward to Refund Team,Resolved,David,2026-02-07 03:01:20.794449
831,Lauren Bridges,melissahernandez@example.net,Believe compare stop keep within matter base use write perhaps support much someone final most imagine green very believe picture woman officer manage theory.,Refund,Negative,Medium,Forward to Refund Team,Resolved,Ali,2026-06-09 10:59:28.216768
832,Shawn Robinson,kellibaxter@example.com,Whose hospital join couple down soon plant collection avoid some day present little final stuff create view operation certainly.,Order,Negative,Low,Order Team,Resolved,Ali,2026-03-30 07:33:18.593578
833,Jordan Webster,fward@example.com,Because white the rest become author especially finally environmental former west decide say government study instead direction charge main occur approach agent.,Complaint,Negative,Medium,Escalate to Manager,In Progress,Sarah,2025-08-04 05:36:39.873791
834,John Ryan,melissalandry@example.com,Beat before parent beat discussion business sing physical skin story very night will stay direction give score speak former ok market responsibility.,Complaint,Negative,High,Escalate to Manager,In Progress,John,2026-04-01 09:19:35.668133
835,Walter Smith,npowell@example.net,Sing should school officer theory rule cell light on final image laugh speak.,General Inquiry,Neutral,Low,Customer Support,Resolved,David,2026-01-29 05:36:47.979273
836,Raymond Thompson,kevingarcia@example.org,Executive fear tax enough find work create bit not station body owner but able item investment health box sometimes off record charge live drop tell.,Complaint,Negative,Medium,Escalate to Manager,Resolved,Sarah,2026-06-12 14:28:14.463086
837,David Brown,brittney89@example.org,Box million before walk positive remain single contain traditional student room writer.,Complaint,Negative,Medium,Escalate to Manager,Resolved,David,2025-11-06 09:18:35.550936
838,Alexis Burton,kdouglas@example.net,Save meeting claim special language never world know probably shoulder firm him woman shake.,Complaint,Negative,High,Escalate to Manager,In Progress,Fatima,2026-01-11 13:47:17.058174
839,Amy Carpenter,martinezsamuel@example.org,Environment great phone decision each among summer imagine music best by already over assume piece director economic understand there exist include fish threat response main.,Refund,Negative,Medium,Forward to Refund Team,Resolved,Fatima,2026-03-21 14:03:25.546993
840,Jacqueline Espinoza,qpayne@example.net,Front impact nor realize current animal with message mission represent off news place shake law us less goal source difficult exist practice.,Order,Neutral,Low,Order Team,Resolved,Emma,2025-08-25 16:26:17.358087
841,Jenna Ward,susanbauer@example.com,Just claim happy visit close others between probably pull assume him success yet.,Refund,Negative,High,Forward to Refund Team,Open,Michael,2026-05-20 22:56:39.694645
842,Steven Lopez,dmadden@example.com,Cold capital current alone force song off just use partner apply level positive.,Billing,Negative,Medium,Forward to Billing,Resolved,Michael,2025-08-02 22:11:49.627062
843,Kathleen Williams,lauraserrano@example.org,Role evening these few bit research third item whose head discuss American huge send energy than table wish population.,Sales,Positive,Low,Forward to Sales,Resolved,Sarah,2025-12-06 12:11:04.962025
844,Jonathan Valdez,vcurry@example.org,Interest finish finish tell administration concern however should policy seek possible break need successful.,Refund,Negative,High,Forward to Refund Team,Open,Fatima,2026-06-21 17:04:53.406040
845,Jacqueline Grant,cnelson@example.net,Mr soldier area final economy move travel parent cultural behavior no her current base thank receive ahead ground stop alone rock ago.,Order,Negative,Low,Order Team,Open,David,2026-07-21 20:16:44.694624
846,Nathaniel Turner,nmerritt@example.net,Will expert little somebody ground development them particularly community cut voice seem main.,Billing,Negative,Low,Forward to Billing,Resolved,Ahmed,2026-07-10 22:56:05.604073
847,Christopher Johnson,raydouglas@example.net,Building argue foreign strong everybody someone step participant language notice explain never movie service.,Refund,Negative,Medium,Forward to Refund Team,Open,Sarah,2026-03-11 21:43:53.958265
848,Ashley Woods,wolfedeborah@example.org,Into man amount nothing economy find avoid line stay leader box Mrs investment rate have information fact about garden whom catch low career should identify.,Technical Support,Negative,High,Assign Technical Engineer,Resolved,Emma,2026-05-08 04:25:19.529434
849,Destiny Hendrix,margaret68@example.com,Nearly PM accept other stop city voice join before cover full treat impact could low fill tell work staff.,Complaint,Negative,High,Escalate to Manager,Open,Fatima,2025-11-26 11:47:51.846780
850,Angela Holt,huffdonna@example.org,Simply whole under threat son manage see leave nearly morning grow example available night type discussion worker.,Technical Support,Neutral,Medium,Assign Technical Engineer,In Progress,Ali,2026-07-30 20:57:20.622766
851,Renee Roberts,norrislaura@example.com,Not since sometimes analysis specific public debate picture fire miss example indeed at stand detail check check glass crime detail sister.,Billing,Negative,Medium,Forward to Billing,Open,Ahmed,2025-08-19 22:03:50.712239
852,Michael Morris,marissa64@example.net,Cover painting table state improve front very will expert head executive.,Complaint,Negative,High,Escalate to Manager,In Progress,Ahmed,2026-01-03 09:44:55.142425
853,Kayla Smith,ballrobert@example.com,Forget member spring best dinner too character low relationship hope when body third paper throw seat back can tonight.,Refund,Negative,Medium,Forward to Refund Team,Resolved,Emma,2026-06-28 10:58:49.936332
854,Julie Frank,garywoods@example.com,Year some lot wait three especially step score piece administration trip between source popular.,Refund,Negative,Medium,Forward to Refund Team,Open,David,2025-11-29 08:33:54.595398
855,Norma Wright MD,santanajulie@example.net,Thing senior ground director call factor down act medical end couple happy determine center others into on sister exist court.,Complaint,Negative,High,Escalate to Manager,Open,Ahmed,2026-03-17 17:48:15.900703
856,Tina White,qknight@example.net,Local both east look truth will ask art hour bring smile million receive often example central crime.,Billing,Negative,Medium,Forward to Billing,Open,Sarah,2026-07-25 12:18:55.452931
857,Shirley Wilson,weissjon@example.net,Professor commercial eat space college stuff data bring try technology series health tell majority.,Sales,Positive,Medium,Forward to Sales,Resolved,Ali,2025-08-25 13:14:07.194568
858,Shelby Brown,stephenwright@example.net,Before positive member push instead cell cold article live able effect public.,Complaint,Negative,Medium,Escalate to Manager,Resolved,Ali,2026-05-31 08:47:57.559465
859,Rachel Gibbs,bryce64@example.net,Around represent low edge entire out themselves so write protect play week indicate make concern interview safe employee age.,Sales,Positive,Medium,Forward to Sales,Resolved,Ali,2026-07-28 01:16:55.315990
860,Sonia Jackson,lowedonald@example.net,Perhaps through piece culture near standard recognize civil capital least suffer town return computer arm shake stay door grow help require really.,Refund,Negative,High,Forward to Refund Team,Resolved,Emma,2026-03-11 04:24:46.171546
861,Summer Aguilar,anthony13@example.org,Move imagine dark language but yes rate stop wide movie role.,Sales,Positive,Medium,Forward to Sales,Resolved,Ahmed,2026-01-14 14:31:44.303375
862,Erin Terrell,fmoon@example.org,Third read western interesting those idea husband approach likely ago return party answer learn your position mean write design four mind per wonder both list.,Complaint,Negative,High,Escalate to Manager,In Progress,Sarah,2026-04-24 19:00:21.984438
863,Mary Rodriguez,susanwalker@example.org,Service it loss foreign produce section land think rest citizen ball get information.,General Inquiry,Neutral,Low,Customer Support,Resolved,Michael,2026-01-14 00:26:09.130323
864,Douglas Lewis,pamela00@example.org,Both religious case group discover image home actually morning summer next conference great teach truth air lawyer low this until.,Refund,Negative,High,Forward to Refund Team,Resolved,David,2025-09-02 13:40:13.416249
865,Douglas Rojas Jr.,jacksonjamie@example.org,Work consider my dinner next forward camera data cultural role hair improve to lay bill matter war garden both old benefit ability.,Refund,Negative,Medium,Forward to Refund Team,Open,Fatima,2025-09-26 00:02:24.740888
866,Miss Linda Brown,david14@example.com,Low very far despite late trial pick speak shake son effort at ago head research during debate reveal offer.,Complaint,Negative,High,Escalate to Manager,Open,Fatima,2025-08-16 06:39:45.939202
867,Jennifer Brown,zwatkins@example.com,Certainly wall cultural eat energy bag enter rest style be far.,Complaint,Negative,Medium,Escalate to Manager,Resolved,Emma,2026-07-18 03:35:20.406007
868,Richard Williams,perkinsjason@example.com,State them whatever relationship this court traditional PM apply TV against occur bag matter.,Refund,Negative,Medium,Forward to Refund Team,Open,Emma,2026-07-23 01:07:18.188341
869,Sandra Williams,mcolon@example.org,Continue himself be wear nor arrive picture paper budget available.,Technical Support,Neutral,High,Assign Technical Engineer,Resolved,Sarah,2026-02-15 00:21:33.672735
870,Stephen Allen,nicole35@example.org,Think significant guy place win discuss remain point notice week than accept practice leader major others interest project hair recent.,Order,Negative,Medium,Order Team,Open,Fatima,2026-02-12 09:12:27.805269
871,Jacob Lee,bullocksarah@example.com,Effect other movement decision history test like step how number believe scientist.,Complaint,Negative,High,Escalate to Manager,Resolved,Ali,2026-03-28 11:12:16.669835
872,Charles Obrien,robert89@example.net,Free mean account thousand official authority learn worry choice through begin themselves open special thus think best first me success account hour vote.,Sales,Positive,Low,Forward to Sales,Resolved,Sarah,2025-11-02 15:00:34.352674
873,Kelli Walker,hooperamanda@example.org,Heart top free truth anything brother vote than daughter contain grow president war tend around page attention keep five.,Sales,Positive,Low,Forward to Sales,Resolved,Sarah,2025-12-19 12:54:47.130261
874,Kelly Woodward,sjohnson@example.com,Not during itself budget just difference determine month subject break and people majority read simple ball table whatever appear surface.,Technical Support,Negative,Medium,Assign Technical Engineer,In Progress,David,2026-07-28 10:28:52.972978
875,Michael Frey,james99@example.com,Identify town program magazine organization throw must interview life bill clear couple couple sign event score help manager a play check full take technology.,Sales,Positive,Low,Forward to Sales,Resolved,Ali,2026-04-15 18:00:05.557834
876,James Jones,fmiller@example.org,Nation alone two thousand although mention true join national recognize yet course available it.,Sales,Positive,Medium,Forward to Sales,Resolved,David,2025-12-19 20:26:49.459401
877,Christopher King,mathew03@example.org,Kind respond the adult agree dream phone address toward deal top design program level over cover adult.,Order,Negative,Medium,Order Team,Resolved,John,2025-09-09 22:18:02.664444
878,Joshua Leonard,donaldmoore@example.org,Million generation blood myself admit a process leg become clear between husband expect buy win production sign group draw many cold.,Technical Support,Negative,Medium,Assign Technical Engineer,In Progress,Fatima,2026-05-06 12:30:03.367581
879,Nathan Lopez,hschroeder@example.net,Behind natural everyone something this authority either ball far message across age.,Complaint,Negative,High,Escalate to Manager,In Progress,Emma,2025-12-13 07:53:08.607209
880,Tammy West,shirleyyork@example.com,Bar will coach chair reflect option point win stand notice his program American relationship quality boy final sing animal to.,Order,Negative,Low,Order Team,Open,John,2025-09-27 12:33:13.320916
881,Paul Bowman,sarah99@example.org,Feel affect different body car institution by return deal skill member college whom week fly campaign.,Complaint,Negative,High,Escalate to Manager,Resolved,Ali,2025-08-06 03:30:34.622535
882,Anthony Lambert,smithcaroline@example.com,Series group structure real course political recognize air they guy cold north at officer.,Sales,Positive,Low,Forward to Sales,Resolved,Sarah,2026-01-10 20:09:13.237104
883,David Marsh,jeffrey32@example.org,Huge interesting statement might throughout change work possible medical brother could position project share perform maybe.,Refund,Negative,High,Forward to Refund Team,Open,Sarah,2025-10-09 20:19:38.115088
884,April Jones,xwhite@example.net,Husband statement something story what part direction follow operation paper hundred ability.,Sales,Positive,Low,Forward to Sales,Resolved,David,2025-12-31 12:14:07.670443
885,Dale Romero,stephen59@example.org,Kitchen history young great affect heart entire firm lead rate as serve although prepare ten home church guy outside dark.,Technical Support,Negative,Medium,Assign Technical Engineer,In Progress,David,2025-11-12 17:47:55.638086
886,Heather Foster,kristencolon@example.com,Against seat fast character degree stop want respond born sometimes travel as response consider rock agreement suggest.,Order,Neutral,Low,Order Team,Resolved,Fatima,2026-01-02 04:18:59.912531
887,Breanna Martinez,rwilliams@example.net,Blood near respond yeah painting name provide our allow fund add and staff doctor analysis behind.,Refund,Negative,Medium,Forward to Refund Team,Open,Sarah,2025-12-03 03:19:59.597300
888,David Turner PhD,jonesshannon@example.org,Fire difference or job central finally base kid yes bed too two on civil hear imagine even loss.,Order,Negative,Low,Order Team,Resolved,Ali,2026-07-26 20:30:39.124068
889,Kevin Jackson,john49@example.com,Sport student allow defense person employee chair space identify fact appear fire teach.,Complaint,Negative,High,Escalate to Manager,In Progress,David,2025-10-18 13:19:20.708214
890,Tammy Parker,ggarcia@example.com,Suggest seek sell church condition on factor city without institution near try result well drug note light surface discussion.,Order,Negative,Low,Order Team,Resolved,John,2025-09-22 19:06:57.249439
891,Jesse Mcdonald,paulabarrett@example.org,Mind cold high too bad no end future effect move sometimes party car behind through media school fast.,Technical Support,Neutral,Medium,Assign Technical Engineer,Resolved,John,2026-06-04 21:55:40.599620
892,James Carrillo,rdavis@example.org,Debate various successful for under culture bring class state maintain natural order simply artist company point find tell.,Technical Support,Neutral,Medium,Assign Technical Engineer,In Progress,Ahmed,2026-05-22 23:27:31.455261
893,Jasmine Lopez,julie42@example.com,Minute light court without quickly add standard know write decision argue color soon politics several situation assume which statement administration city spend.,Refund,Negative,High,Forward to Refund Team,Resolved,Emma,2025-10-03 14:55:08.947759
894,Laura Gill,nbrooks@example.org,Dream writer he type left catch stay prevent center media who student couple impact great black hotel.,Complaint,Negative,High,Escalate to Manager,Resolved,Emma,2026-02-18 13:31:51.885316
895,James Patterson,holly09@example.org,Body author send machine call contain toward house team however significant charge.,Refund,Negative,Medium,Forward to Refund Team,Open,Fatima,2025-10-02 12:02:14.093622
896,Brian Jones,gvance@example.org,Similar else hold picture against model service group former approach hand.,Order,Negative,Low,Order Team,Resolved,David,2026-07-01 22:29:28.522733
897,Carlos Walker,qdixon@example.net,Already dog admit do appear dog girl choose worker thousand use article food.,Refund,Negative,High,Forward to Refund Team,Resolved,Emma,2026-04-22 11:47:25.891722
898,Dean Flores,kbraun@example.net,So finish summer theory shoulder interview him man whom identify various cost college leader certainly finally fact concern surface eight.,Refund,Negative,Medium,Forward to Refund Team,Open,Ali,2026-06-15 21:12:31.927903
899,Jeffrey Yates,diazlindsay@example.net,Total probably point walk open pick evidence voice middle rock blood write arrive over week fire major former bill.,Order,Neutral,Medium,Order Team,Open,Fatima,2026-06-09 18:46:38.803256
900,Dylan Fernandez,dbarron@example.org,Economy go none science oil care assume responsibility employee structure similar debate speech statement near pay actually carry.,Order,Neutral,Low,Order Team,Resolved,Sarah,2026-06-15 06:35:46.452644
901,Brian Parker,sheila51@example.org,Name tree second tend sense conference make turn young call training itself decade land produce civil suddenly anything play often story church choice.,Complaint,Negative,High,Escalate to Manager,Resolved,Fatima,2026-05-02 11:33:57.435116
902,Tammy Wilson,bethany25@example.net,Position many share sign before senior relate continue start increase environmental seven public become certainly drop together.,Complaint,Negative,High,Escalate to Manager,Resolved,Emma,2026-07-26 01:51:05.089480
903,Vincent Matthews,cordovajennifer@example.com,Wear pick after design oil down avoid official school pick budget piece box star fall beautiful decide purpose laugh organization in.,Complaint,Negative,High,Escalate to Manager,Resolved,John,2026-04-30 05:51:16.043775
904,Emily Roberts,ogriffith@example.com,Property write discuss great list market central save claim finally.,Complaint,Negative,High,Escalate to Manager,In Progress,Ahmed,2026-04-06 00:06:41.777375
905,Mark Payne,kylie74@example.net,Nothing poor very prevent treat send fine everyone amount these fight tree mission imagine bag father hour full eat close maintain brother daughter soon.,Order,Negative,Medium,Order Team,Open,John,2026-03-24 15:23:22.866243
906,Daniel Powell,nelsonmichelle@example.com,Big carry party sense few course material your threat marriage.,Billing,Neutral,Low,Forward to Billing,Open,Ali,2026-04-13 04:02:34.042375
907,Robert Price,stevenstewart@example.org,Best whom place audience bring approach identify theory town only here scientist turn answer model personal size admit.,Refund,Negative,High,Forward to Refund Team,Resolved,David,2025-09-02 05:24:34.953431
908,Angela Meadows,gatesjennifer@example.net,Plan food sure company start fall too box happy walk technology film play world back tree between weight black recent type order window sound certainly.,Refund,Negative,High,Forward to Refund Team,Open,Michael,2026-01-19 04:52:08.211529
909,Meghan Scott,shelly56@example.com,Give whom lawyer way able hospital interesting former son ground.,Sales,Positive,Low,Forward to Sales,Resolved,Sarah,2026-06-25 16:11:33.866638
910,Eric Smith,nathanochoa@example.com,Available deal whose physical most could attention month firm former around increase exactly such become always be across camera reason maintain.,Sales,Positive,Medium,Forward to Sales,Resolved,John,2026-01-19 23:31:24.386272
911,Kaitlin Williams,suzanne07@example.net,Structure happen woman again at truth position air begin good art road agree.,Complaint,Negative,High,Escalate to Manager,In Progress,David,2025-10-03 18:38:27.968034
912,Amy Brock,riley62@example.com,Rather cut control father soldier system fight main decision method region guy nor fund.,Refund,Negative,Medium,Forward to Refund Team,Open,Michael,2026-03-30 13:58:29.682728
913,Dennis Lopez,karen14@example.com,Become require manager before detail message physical table a daughter indicate Mrs decade notice new leader stop too everybody even low.,Order,Negative,Low,Order Team,Open,Michael,2026-01-21 20:01:49.200175
914,Karen Byrd,mary72@example.org,Population magazine hundred likely time Democrat three free other dream ability perhaps until.,Billing,Negative,Medium,Forward to Billing,Open,David,2025-09-12 08:51:17.648851
915,Amber Martinez,noahscott@example.net,Hope very yeah close you there message police others discover write performance recently.,Order,Negative,Low,Order Team,Resolved,John,2026-05-14 12:05:10.414745
916,Kelly Barker,travismckee@example.org,Deep your somebody little space identify prepare design growth upon later environment onto executive need yard up personal low almost age.,Technical Support,Neutral,High,Assign Technical Engineer,Resolved,John,2026-04-01 08:33:30.859841
917,Phyllis Spears,wjohnson@example.net,Business public might base but entire music crime chance while security wonder how spring medical suddenly general summer.,Refund,Negative,Medium,Forward to Refund Team,Open,Ahmed,2025-10-02 16:19:20.644157
918,Mr. Henry Barron,nmcgrath@example.org,Fill ground participant green well tax investment once up the successful reason per us stock consumer exactly store risk statement sell increase practice.,Refund,Negative,High,Forward to Refund Team,Open,Ali,2026-03-04 17:23:30.556517
919,Gregory Brown,sharonscott@example.com,Student Congress case learn hear Republican rate community do pull medical give bar technology weight I information some against name network I miss.,Complaint,Negative,High,Escalate to Manager,Open,Michael,2025-12-13 11:09:01.670715
920,Lisa Robinson,ujohnston@example.org,Campaign produce discuss rule present citizen white reach paper themselves lawyer answer already me memory road face then stand.,Complaint,Negative,High,Escalate to Manager,In Progress,John,2026-03-03 12:41:11.369452
921,Kevin Snow,walkerwilliam@example.com,Field music agency yard growth concern pick baby school three may customer security four mission sport film I good seem.,Complaint,Negative,High,Escalate to Manager,In Progress,Fatima,2026-03-29 07:29:35.958685
922,Calvin Robinson,allison07@example.net,Character skin and fight front it serve happy box image build statement behind why glass.,Technical Support,Neutral,Medium,Assign Technical Engineer,Resolved,Fatima,2026-03-14 09:43:58.319531
923,David Marshall,jennifer38@example.com,Reveal world century campaign necessary industry happen act add degree apply visit new yeah song individual your.,Sales,Positive,Low,Forward to Sales,Resolved,Emma,2026-07-10 13:17:56.439309
924,Sara Fischer,smithjacqueline@example.com,Record everything series for research authority action apply little prepare heavy fill whom game difficult draw entire public experience near scene sing true.,Order,Negative,Medium,Order Team,Open,Sarah,2026-05-01 09:09:13.206935
925,Kenneth Dominguez,daniel60@example.org,Close military operation site none white have way rich move fight year who just threat fly long.,Order,Negative,Low,Order Team,Resolved,Ahmed,2025-09-24 10:27:13.737274
926,Edward Villa,andersontammy@example.com,Organization public weight phone skill right physical room amount summer eight class forward opportunity trip industry environmental.,Order,Negative,Low,Order Team,Open,Sarah,2025-11-29 09:27:26.627184
927,Nicholas Tanner,ikane@example.org,Church blue issue instead near arm close model decision individual bed bar off participant number.,Refund,Negative,High,Forward to Refund Team,Resolved,Emma,2026-05-14 06:51:01.020148
928,Ronald Owens,adriennerose@example.com,Seem range model debate east itself measure whatever husband begin thought.,Technical Support,Neutral,High,Assign Technical Engineer,Resolved,Fatima,2026-01-11 22:16:21.246923
929,Megan Wolfe,obrown@example.com,City government red write Mrs today wonder more marriage off state participant guess view yet while.,Complaint,Negative,High,Escalate to Manager,Open,Emma,2026-06-10 23:52:38.962016
930,Alexander Johnson,jonesandrew@example.net,You affect most as political what and could usually table southern rise red gun down.,Billing,Neutral,Low,Forward to Billing,Resolved,John,2025-12-06 13:38:43.651782
931,David Mosley,gbaker@example.com,Pressure more certainly leader entire activity boy site most both lead office generation house small want he understand sound toward alone soon expect voice.,Complaint,Negative,High,Escalate to Manager,Open,Ali,2025-12-23 18:10:54.609460
932,John Collier,robertrobinson@example.com,Political night note risk everyone capital everything record offer growth yet.,Refund,Negative,High,Forward to Refund Team,Resolved,John,2026-06-05 20:03:58.932197
933,Keith Phillips,donaldsonveronica@example.net,Science Mrs short peace station government trip look or hot we project think set loss among human.,Billing,Negative,Medium,Forward to Billing,Resolved,Ahmed,2025-12-04 17:54:43.387189
934,Andrea Dixon,drivera@example.net,Poor candidate public understand author want thousand east line phone put role region key ground ago.,Complaint,Negative,High,Escalate to Manager,Resolved,John,2026-01-12 03:06:01.489916
935,Dr. Steven Clark,marcushunter@example.net,Authority hundred site allow cause message much stay us fight maintain action open threat fly same send measure pass.,Order,Negative,Medium,Order Team,Resolved,Sarah,2025-08-09 08:50:56.267726
936,Jason Peterson,stacy80@example.org,Should first shoulder similar adult light yeah agreement especially exist occur mouth run.,Complaint,Negative,High,Escalate to Manager,In Progress,David,2026-05-12 11:45:07.426842
937,Lisa Moreno,bushjonathan@example.com,Theory game drug soldier section watch prevent arrive foreign music word early structure several maintain network.,Complaint,Negative,High,Escalate to Manager,Resolved,Fatima,2026-03-21 14:21:45.524523
938,Maria Salazar,gmitchell@example.com,Far human everything apply fact food chair manage lose way scene.,Billing,Negative,Medium,Forward to Billing,Open,Michael,2026-01-10 05:06:47.496659
939,Timothy Patterson,williamsjanice@example.net,Although every analysis six address program record never research condition prove know.,Complaint,Negative,High,Escalate to Manager,Open,Emma,2026-05-22 04:30:41.086714
940,Angela Ross,lisa31@example.net,Some guess son beyond thousand economy attorney former call leg heart bag my crime ask above cause.,Sales,Positive,Low,Forward to Sales,Resolved,Fatima,2026-01-11 03:46:53.669720
941,Alan Hill,psmith@example.net,Later stop close newspaper six word figure less defense research suddenly dinner fish analysis.,Complaint,Negative,High,Escalate to Manager,In Progress,Michael,2025-08-27 20:18:22.000029
942,Angela Tran,achavez@example.org,Student pattern voice stay fish note south entire color wait event fact positive team event ever lot health.,Complaint,Negative,Medium,Escalate to Manager,Open,Sarah,2025-08-08 01:29:37.833078
943,David Lin,tonyacollier@example.com,Trade let no physical school statement return industry everything social past computer.,Complaint,Negative,High,Escalate to Manager,In Progress,Michael,2026-07-09 18:04:15.185307
944,Kayla Hobbs,rrios@example.com,Sport like decade future water total wait however painting weight opportunity news guess economy under watch others interview allow bag true first.,General Inquiry,Neutral,Low,Customer Support,Resolved,Fatima,2025-10-26 21:37:49.860466
945,Heather Rice,changalice@example.com,Factor writer show energy station church past wind fund role small sit our war song available.,Billing,Neutral,Low,Forward to Billing,Open,Emma,2025-09-03 05:42:45.607131
946,Jeffrey Anderson,christina51@example.net,Today out deal true special yard feeling two only political accept value very chair participant ask base quality receive cold.,Refund,Negative,High,Forward to Refund Team,Open,David,2026-03-16 08:39:16.741015
947,John Sherman,jmartinez@example.org,Character world direction see would up popular at nature about north address.,Refund,Negative,Medium,Forward to Refund Team,Open,Fatima,2026-05-24 02:07:53.820075
948,Kathryn Roy,framsey@example.net,Situation over because personal without bank send away return anyone career stuff staff father much federal food best.,Order,Negative,Low,Order Team,Resolved,Michael,2025-08-15 14:13:36.039920
949,Mary Church,carolyn06@example.org,Mean window require vote manager Mr need finally address record live race everybody.,Sales,Positive,Low,Forward to Sales,Resolved,David,2025-12-05 14:51:16.700815
950,Megan Schultz,michaelchristensen@example.net,Any teacher voice animal quickly window truth meeting Congress wear candidate while accept experience political than option likely.,Complaint,Negative,High,Escalate to Manager,In Progress,Emma,2026-07-06 07:11:54.009513
951,Ryan Padilla,bking@example.net,Thus case ball religious fact cold candidate interesting high hear could law doctor agency pick.,Complaint,Negative,Medium,Escalate to Manager,In Progress,Emma,2026-06-01 10:15:49.012685
952,Lisa Thomas,bdalton@example.net,Commercial stand smile case nation true player hair along now civil majority ask here heavy Mr fire.,Sales,Positive,Medium,Forward to Sales,Resolved,Michael,2026-07-24 21:32:24.028744
953,Timothy Pearson,dmolina@example.net,Brother able government so manager imagine despite imagine blue service strategy better protect each.,Refund,Negative,High,Forward to Refund Team,Resolved,Fatima,2025-12-17 21:44:34.988344
954,Joseph Bridges,curtis94@example.com,Story check say southern new size imagine dog start but line cold agree responsibility top coach as fine may a able yeah change.,Complaint,Negative,Medium,Escalate to Manager,Open,Emma,2025-11-23 00:36:35.874485
955,Dana Mason,ksolis@example.net,Care value consider spring big buy change write during believe base just although nation no.,Sales,Positive,Medium,Forward to Sales,Resolved,Fatima,2025-12-09 17:41:46.006682
956,George Crane,yolandasimmons@example.com,Add member girl forward ask support ten pretty east beautiful production generation indicate letter right treatment various although story challenge that choice camera my.,Sales,Positive,Medium,Forward to Sales,Resolved,John,2025-09-25 15:15:38.103871
957,Andrew Lee,ejimenez@example.com,Task reason moment audience others despite finally various as at game property page occur green ever attorney enter hospital.,Technical Support,Neutral,Medium,Assign Technical Engineer,In Progress,Ali,2025-08-25 23:59:15.808479
958,Maria Bowman,swansonbrian@example.com,Whole style people over game court protect candidate kitchen factor include mention option late dream put pay student keep.,Sales,Positive,Low,Forward to Sales,Resolved,John,2026-04-08 11:52:34.850790
959,Sharon Washington,pattersonemily@example.com,Indicate hit rather cost late try bill laugh grow party successful big especially activity occur middle good really.,Complaint,Negative,Medium,Escalate to Manager,Resolved,Emma,2025-12-07 03:38:50.438280
960,Marissa Lucero,christine31@example.com,Father always computer else fish president thousand ask home me health science manager would food.,Complaint,Negative,High,Escalate to Manager,In Progress,John,2026-01-05 16:29:20.034012
961,Eric Bradford,debbie63@example.org,Rich seat phone significant me nature maybe white they medical compare seven join successful listen kid.,Sales,Positive,Low,Forward to Sales,Resolved,David,2025-10-14 16:49:23.963241
962,Ruth Hodges,mark69@example.com,Require why picture most need these prove his story response against water almost pretty age west somebody population cut.,Billing,Negative,Low,Forward to Billing,Open,Michael,2025-09-26 00:12:17.492122
963,Alisha Owen,josephjohnson@example.org,Couple world center campaign physical walk must near positive knowledge poor teach notice speech majority doctor around.,Sales,Positive,Low,Forward to Sales,Resolved,Ali,2025-08-07 05:27:37.850745
964,Joshua Young,austinnathan@example.net,Help son today traditional language any difficult play word pattern agent effect animal with fact ok.,Complaint,Negative,Medium,Escalate to Manager,Resolved,Ahmed,2025-09-04 23:53:21.188061
965,Laurie Fuller,sanderselizabeth@example.net,Knowledge indicate street level write force maybe fill some interview including TV central.,Technical Support,Negative,Medium,Assign Technical Engineer,In Progress,Michael,2026-02-03 19:54:20.316091
966,Christopher Clark,stuartortiz@example.com,Treatment claim industry in may environmental card receive attention note rest region collection heavy room hospital material American nation fact network.,Sales,Positive,Medium,Forward to Sales,Resolved,David,2026-07-03 02:42:45.470869
967,Travis Bennett,gabriellerogers@example.com,Pay another lead billion specific cultural reach lot and this according final throw.,Order,Negative,Low,Order Team,Open,Ahmed,2026-04-22 23:46:14.458382
968,Andrea Richardson,scottwilliams@example.net,Think popular history glass north happen daughter suggest garden national scene east room computer ground military respond.,Sales,Positive,Medium,Forward to Sales,Resolved,Fatima,2026-06-17 10:57:17.735569
969,Linda Hall,lance45@example.com,Popular into fight pick growth picture simple hair phone few study.,Order,Neutral,Medium,Order Team,Resolved,David,2025-11-07 22:09:07.085266
970,Susan Rodriguez,sawyersylvia@example.org,Yes true true human American seat special land boy condition entire thousand find experience manage.,Complaint,Negative,High,Escalate to Manager,Open,Michael,2026-05-14 04:18:49.817179
971,John Jones,medinajustin@example.com,Challenge town deep process least affect song level result policy where keep explain often at hundred direction buy general.,General Inquiry,Neutral,Low,Customer Support,Resolved,Fatima,2025-09-29 22:07:46.710187
972,Shaun Hughes,daniellejoseph@example.org,Ever such about amount cultural impact data decade field treatment economic easy significant anyone follow.,Complaint,Negative,High,Escalate to Manager,Open,Michael,2026-05-27 13:40:52.160171
973,Regina Tucker,ramirezvictoria@example.net,I maybe senior conference chair drop per mention drive knowledge itself ability data budget who case site lead.,Complaint,Negative,Medium,Escalate to Manager,Resolved,Emma,2026-07-26 00:11:36.496943
974,Erika Spears,matthewstimothy@example.org,Record resource parent action despite low special know exist economic away wish red rate party other than mission language.,Complaint,Negative,Medium,Escalate to Manager,Open,Fatima,2025-08-26 10:31:12.162210
975,Mary Taylor,susanthomas@example.org,Trial great seven reach conference phone suddenly threat protect option score analysis.,Complaint,Negative,High,Escalate to Manager,Open,Ahmed,2026-05-08 12:44:31.891508
976,Steven Pearson,kimberly41@example.net,Defense agency care positive impact others minute than consumer court Democrat second power entire team question after base site.,Technical Support,Neutral,Medium,Assign Technical Engineer,In Progress,Michael,2026-04-27 03:29:24.852494
977,Emily Fischer,armstrongshelby@example.com,Plan there this personal staff expect carry guess future dog special economic ok popular want.,Technical Support,Neutral,Medium,Assign Technical Engineer,Resolved,David,2025-12-24 11:33:54.863081
978,Deborah Maldonado DDS,youngjustin@example.org,Inside study professor Mrs bar toward magazine series seven list approach lose design consumer.,Complaint,Negative,Medium,Escalate to Manager,In Progress,Ali,2026-05-03 06:07:34.117753
979,Tiffany Hoover,rodriguezryan@example.com,Painting thank yes receive environment mention see hundred listen ground program after become between system raise.,Sales,Positive,Medium,Forward to Sales,Resolved,Ahmed,2025-09-13 11:29:05.893609
980,Ronald Taylor,fnewton@example.com,Rise north later recently particularly number assume prove image experience local and type nice.,Technical Support,Negative,High,Assign Technical Engineer,Resolved,David,2025-10-14 02:07:26.277284
981,Alan Porter,jason47@example.net,Head evidence crime question kind his sound time view crime material fly effort short.,Technical Support,Neutral,Medium,Assign Technical Engineer,Resolved,Fatima,2026-01-23 02:12:01.589696
982,Lisa Watts,ypope@example.org,Later to reduce know develop finish score resource current property appear bit need step development class why certainly.,Complaint,Negative,High,Escalate to Manager,Resolved,David,2026-01-13 12:41:59.584571
983,Sharon Wilson,terry98@example.net,Peace these turn whose economy sign player security total kid beautiful.,General Inquiry,Neutral,Low,Customer Support,Resolved,Sarah,2026-07-22 15:40:33.075700
984,Joseph Lawson,amayer@example.com,Doctor before population determine decision can yourself enjoy short human production outside something someone collection together.,Sales,Positive,Low,Forward to Sales,Resolved,Sarah,2026-04-30 03:51:17.019076
985,Teresa Foster,batesjacob@example.net,Rise determine audience available place store however same half show begin specific life glass young page democratic former play minute property daughter.,Order,Negative,Medium,Order Team,Open,Ali,2026-04-14 12:22:33.731544
986,Angela Sheppard,tiffanyallen@example.org,Late difference indicate energy rather inside since poor stuff build money well still away painting fear cup crime such reach.,Order,Negative,Low,Order Team,Resolved,Emma,2026-06-13 00:01:39.108682
987,Pamela Smith,nicholascook@example.net,Case explain role good medical field represent join north hand choice participant in enjoy stage responsibility share leg close.,Order,Neutral,Medium,Order Team,Open,Emma,2026-07-11 06:12:12.559008
988,Brandon Barnes,michaelhenry@example.net,Seek whose modern president toward lay by treatment cause card less loss what fast.,Order,Neutral,Low,Order Team,Open,Ali,2026-02-17 03:21:37.405847
989,Dustin Forbes,sarah71@example.org,Large thus value describe recently and type pay mouth beat wind their its rest large join summer maybe list off.,Refund,Negative,High,Forward to Refund Team,Resolved,Ahmed,2025-08-13 15:56:36.885071
990,Bobby Johnson,vhenderson@example.com,Pick early ahead save their several board ready special too issue serious surface some.,Sales,Positive,Low,Forward to Sales,Resolved,Sarah,2025-10-08 10:23:18.878408
991,Brent Smith,npierce@example.org,Leg across others hope big poor throughout Congress per big the sort.,Refund,Negative,High,Forward to Refund Team,Resolved,Ali,2026-06-17 12:51:58.480107
992,Shawn Mcdonald,rwilliams@example.net,Know glass situation room dog federal very parent pay another dark provide rather follow listen teach prove understand.,Technical Support,Negative,High,Assign Technical Engineer,Resolved,David,2026-05-03 09:32:21.316312
993,Gregory Fleming,davidsonandrew@example.net,Treat style spring school dog very democratic factor rather individual sister whether us plant information outside building player.,Order,Neutral,Low,Order Team,Resolved,David,2026-07-03 07:21:17.019364
994,James Palmer,brodriguez@example.org,Air concern list drug way campaign yes try soon organization always better reveal challenge.,Technical Support,Neutral,Medium,Assign Technical Engineer,In Progress,John,2025-09-23 05:04:56.713446
995,Mr. Steven Cox,anne38@example.org,His film air would talk leave crime true spend say ball throughout challenge wife pattern interest some compare act month nation collection kid.,Sales,Positive,Medium,Forward to Sales,Resolved,Ali,2026-03-15 02:12:38.184977
996,Wayne King,wallsherry@example.org,My my cover always economy good present major since part admit attack picture case better.,Refund,Negative,Medium,Forward to Refund Team,Open,Ali,2026-07-21 19:41:06.965518
997,Amy Reyes,atkinsonmark@example.com,Moment lead rather economy third ask while write think board appear newspaper pick clearly recent just ball big four.,Complaint,Negative,High,Escalate to Manager,Open,Ahmed,2026-03-04 10:24:02.844412
998,Jeffrey Cross,brandireynolds@example.com,Despite politics general structure sense help its similar whether use stage tell improve security impact cup draw sell under.,Billing,Neutral,Medium,Forward to Billing,Resolved,Sarah,2026-06-18 15:58:32.654425
999,Daniel Pacheco,donnamoore@example.com,Goal employee run outside black process both describe must factor you send call though baby we at east.,Refund,Negative,Medium,Forward to Refund Team,Resolved,Emma,2025-12-05 17:15:35.461900
1000,Deborah Ellison,martinezbecky@example.net,Most strong across stuff bill late money movie sister stay fish part wall spring sort lead exist find election article story general force.,Complaint,Negative,High,Escalate to Manager,In Progress,David,2026-05-15 14:02:01.009410
